episode,reward,score,steps,epsilon,loss
1,-8.703,0,42,0.9979,0.0
2,-9.424,0,42,0.9958,0.0
3,-8.857,0,37,0.994,0.0
4,-9.1325,0,38,0.9921,0.0
5,-8.4525,0,36,0.9903,0.0
6,-9.81,0,38,0.9884,0.0
7,-8.302,0,37,0.9866,0.0
8,-9.727,0,35,0.9849,0.0
9,-9.2005,0,37,0.983,0.0
10,-8.5165,0,35,0.9813,0.0
11,-9.5545,0,35,0.9796,0.0
12,-9.83,0,37,0.9778,0.0
13,-8.4995,0,35,0.9761,0.0
14,-8.2115,0,41,0.9741,0.0
15,-9.444,0,35,0.9724,0.0
16,-9.3735,0,38,0.9705,0.0
17,-8.4405,0,38,0.9687,0.0
18,-8.3035,0,39,0.9668,0.0
19,-8.61,0,35,0.9651,0.0
20,-9.399,0,36,0.9634,0.0
21,-9.3335,0,39,0.9615,0.0
22,-9.335,0,35,0.9598,0.0
23,-8.911,0,36,0.9581,0.0
24,-8.5485,0,35,0.9564,0.0
25,-9.81,0,38,0.9546,0.0
26,-8.8745,0,36,0.9529,0.0
27,-9.7805,0,38,0.9511,0.0
28,-8.463,0,36,0.9494,0.0
29,-8.4475,0,35,0.9477,0.0
30,-9.86,0,35,0.9461,0.0
31,-8.7585,0,36,0.9444,0.0
32,-8.419,0,38,0.9426,0.0
33,-9.5715,0,35,0.9409,0.0
34,-8.591,0,36,0.9392,0.0
35,-9.2395,0,38,0.9374,0.0
36,-9.583,0,39,0.9356,0.0
37,-8.465,0,35,0.934,0.0
38,-8.4015,0,38,0.9322,0.0
39,-9.85,0,35,0.9306,0.0
40,-8.747,0,38,0.9288,0.0
41,-9.403,0,40,0.927,0.0
42,-8.765,0,38,0.9252,0.0
43,-9.83,0,36,0.9235,0.0
44,-9.583,0,36,0.9219,0.0
45,-9.7575,0,40,0.92,0.0
46,-8.9925,0,40,0.9182,0.0
47,-9.86,0,35,0.9166,0.0
48,-8.476,0,36,0.9149,0.0
49,-9.87,0,35,0.9133,0.0
50,-8.672,0,35,0.9117,0.0
51,-8.4475,0,39,0.91,0.0
52,-9.81,0,38,0.9082,0.0
53,-8.428,0,35,0.9066,0.0
54,-8.743,0,36,0.905,0.0
55,-9.784,0,36,0.9034,0.193337
56,-9.135,0,36,0.9018,0.160533
57,-9.4845,0,37,0.9001,0.229569
58,-8.6935,0,36,0.8985,0.339082
59,-9.3225,0,39,0.8967,0.400647
60,-8.662,0,38,0.895,0.402063
61,-9.78,0,38,0.8933,0.36114
62,-9.052,0,37,0.8917,0.335807
63,-8.3625,0,36,0.8901,0.374575
64,-8.9815,0,36,0.8885,0.477156
65,-8.4355,0,38,0.8868,0.456237
66,-9.77,0,39,0.8851,0.46671
67,-8.614,0,37,0.8834,0.434255
68,-9.81,0,38,0.8817,0.364841
69,-9.5015,0,38,0.8801,0.475304
70,-8.4725,0,37,0.8784,0.394986
71,-8.4255,0,37,0.8768,0.374061
72,-9.8345,0,36,0.8752,0.379303
73,-8.8415,0,40,0.8735,0.431101
74,-8.428,0,37,0.8719,0.395084
75,-9.7,0,45,0.8699,0.437445
76,-8.206,0,40,0.8682,0.402641
77,-9.745,0,36,0.8666,0.357837
78,-8.722,0,36,0.8651,0.296128
79,-9.3095,0,37,0.8635,0.41279
80,-9.823,0,39,0.8618,0.378492
81,-9.82,0,37,0.8602,0.377884
82,-9.616,0,44,0.8583,0.353818
83,-9.86,0,35,0.8568,0.462559
84,-8.9135,0,35,0.8553,0.412544
85,-9.85,0,36,0.8538,0.350408
86,-9.751,0,38,0.8521,0.305821
87,-9.648,0,42,0.8504,0.368628
88,-8.8975,0,35,0.8489,0.344767
89,-8.385,0,38,0.8473,0.32615
90,-9.2575,0,37,0.8457,0.335936
91,-9.8155,0,36,0.8442,0.331884
92,-8.9615,0,41,0.8424,0.314634
93,-8.5035,0,38,0.8408,0.337303
94,-9.33,0,36,0.8393,0.383482
95,-9.77,0,39,0.8377,0.343761
96,-8.5955,0,37,0.8361,0.258432
97,-8.388,0,36,0.8346,0.303422
98,-9.2915,0,37,0.8331,0.240409
99,-8.3985,0,40,0.8314,0.386526
100,-9.81,0,36,0.8299,0.318229
101,-8.806,0,37,0.8284,0.300444
102,-8.846,0,35,0.827,0.389196
103,-8.6985,0,46,0.8251,0.250291
104,-8.579,0,37,0.8235,0.311359
105,-9.6805,0,40,0.8219,0.317849
106,-8.5105,0,36,0.8204,0.288217
107,-9.274,0,37,0.8189,0.291852
108,-9.6045,0,36,0.8174,0.274167
109,-9.601,0,37,0.8159,0.214723
110,-8.312,0,37,0.8144,0.344986
111,-8.1925,0,38,0.8129,0.274831
112,-8.4065,0,37,0.8114,0.317611
113,-9.6495,0,39,0.8098,0.26814
114,-9.2905,0,37,0.8083,0.246598
115,-9.733,0,38,0.8067,0.286655
116,-9.79,0,40,0.8051,0.260962
117,-8.6125,0,41,0.8035,0.289472
118,-9.6085,0,38,0.802,0.305447
119,-9.614,0,37,0.8005,0.300817
120,-8.3085,0,41,0.7988,0.285286
121,-8.452,0,36,0.7974,0.255342
122,-8.4515,0,37,0.7959,0.268406
123,-9.6775,0,38,0.7944,0.289513
124,-9.75,0,39,0.7929,0.267655
125,-9.8,0,40,0.7913,0.203479
126,-9.7775,0,40,0.7897,0.326005
127,-8.366,0,37,0.7882,0.223675
128,-9.606,0,38,0.7867,0.312736
129,-8.3375,0,37,0.7853,0.223468
130,-8.243,0,39,0.7838,0.312036
131,-9.2275,0,37,0.7823,0.259082
132,-8.422,0,36,0.7809,0.208789
133,-9.5345,0,38,0.7794,0.215565
134,-8.4815,0,36,0.778,0.220726
135,-8.9565,0,36,0.7766,0.24795
136,-8.2685,0,40,0.7751,0.233447
137,-7.9895,0,41,0.7735,0.233257
138,-9.5675,0,38,0.772,0.28253
139,-9.361,0,36,0.7706,0.242152
140,-8.5175,0,35,0.7693,0.245721
141,-8.393,0,38,0.7678,0.241704
142,-8.372,0,40,0.7663,0.253645
143,-9.4575,0,42,0.7647,0.235088
144,-8.868,0,41,0.7631,0.223665
145,-8.284,0,41,0.7615,0.225401
146,-9.808,0,36,0.7602,0.206057
147,-8.4035,0,36,0.7588,0.260016
148,-9.223,0,37,0.7574,0.196786
149,-9.74,0,40,0.7559,0.167453
150,-9.2545,0,39,0.7544,0.199797
151,-9.699,0,41,0.7529,0.207411
152,-8.445,0,38,0.7514,0.22326
153,-8.356,0,38,0.75,0.206771
154,-9.7615,0,41,0.7485,0.216502
155,-9.763,0,38,0.7471,0.176321
156,-8.809,0,39,0.7456,0.206061
157,-8.513,0,37,0.7442,0.269467
158,-8.388,0,38,0.7428,0.208002
159,-8.712,0,44,0.7412,0.201944
160,-9.2475,0,40,0.7397,0.187494
161,-9.7285,0,39,0.7383,0.193394
162,-9.491,0,41,0.7367,0.215813
163,-8.7425,0,40,0.7353,0.188433
164,-9.4885,0,41,0.7338,0.166536
165,-9.8125,0,36,0.7325,0.192112
166,-9.206,0,37,0.7311,0.176201
167,-8.91,0,36,0.7298,0.205935
168,-9.79,0,40,0.7283,0.169942
169,-8.9775,0,38,0.7269,0.161022
170,-8.96,0,36,0.7256,0.171462
171,-8.5435,0,40,0.7242,0.187337
172,-9.137,0,39,0.7228,0.134946
173,-7.8705,0,42,0.7213,0.143321
174,-9.77,0,38,0.7199,0.184401
175,-8.3935,0,38,0.7185,0.150101
176,-9.6985,0,43,0.717,0.11406
177,-8.757,0,36,0.7157,0.161531
178,-9.8105,0,37,0.7144,0.157873
179,-9.033,0,44,0.7128,0.136498
180,-8.5505,0,41,0.7113,0.163612
181,-9.68,0,45,0.7097,0.144645
182,-8.2565,0,41,0.7083,0.143329
183,-8.4955,0,38,0.7069,0.178199
184,-9.81,0,38,0.7056,0.153072
185,-9.76,0,38,0.7043,0.146565
186,-8.404,0,41,0.7028,0.119964
187,-9.3335,0,36,0.7016,0.11516
188,-9.566,0,37,0.7003,0.13055
189,-8.9295,0,36,0.699,0.137831
190,-8.905,0,40,0.6976,0.119202
191,-8.475,0,36,0.6963,0.136043
192,-8.43,0,36,0.6951,0.114893
193,-8.3055,0,37,0.6938,0.132079
194,-9.327,0,41,0.6924,0.116955
195,-9.74,0,39,0.691,0.134794
196,-8.579,0,38,0.6897,0.151502
197,-9.5215,0,37,0.6885,0.083368
198,-8.251,0,41,0.687,0.114768
199,-7.6885,0,47,0.6854,0.121287
200,-8.1325,0,42,0.684,0.100317
201,-9.6605,0,38,0.6827,0.082386
202,-8.4645,0,42,0.6813,0.136862
203,-9.429,0,47,0.6797,0.124321
204,-9.8,0,37,0.6784,0.100621
205,-8.3525,0,37,0.6772,0.104867
206,-9.3635,0,42,0.6757,0.075174
207,-8.368,0,36,0.6745,0.090712
208,-8.443,0,37,0.6733,0.101477
209,-8.27,0,40,0.6719,0.098632
210,-8.233,0,38,0.6706,0.114538
211,-8.1895,0,40,0.6693,0.089794
212,-8.2225,0,42,0.6679,0.081955
213,-8.173,0,40,0.6666,0.110453
214,-9.77,0,38,0.6653,0.106562
215,-9.2965,0,39,0.664,0.094755
216,-8.38,0,38,0.6627,0.081077
217,-9.8265,0,36,0.6616,0.076755
218,-9.681,0,41,0.6602,0.113684
219,-9.268,0,41,0.6588,0.066728
220,-8.0255,0,41,0.6575,0.079419
221,-9.77,0,36,0.6563,0.090694
222,-9.702,0,36,0.6551,0.077794
223,-9.1655,0,41,0.6538,0.070227
224,-9.0665,0,37,0.6526,0.087198
225,-9.7,0,41,0.6513,0.0665
226,-9.566,0,40,0.6499,0.069096
227,-7.821,0,42,0.6486,0.079625
228,-9.82,0,36,0.6474,0.051381
229,-9.7305,0,36,0.6463,0.081208
230,-8.667,0,37,0.6451,0.048986
231,-8.923,0,40,0.6438,0.063206
232,-9.5535,0,38,0.6425,0.047757
233,-9.675,0,44,0.6411,0.059872
234,-9.85,0,35,0.64,0.058182
235,-8.748,0,36,0.6389,0.045358
236,-9.235,0,37,0.6377,0.061225
237,-9.2145,0,39,0.6364,0.063245
238,-8.5475,0,37,0.6353,0.046834
239,-8.2685,0,38,0.6341,0.040265
240,-9.5575,0,39,0.6328,0.04976
241,-8.3325,0,40,0.6316,0.053179
242,-9.64,0,43,0.6302,0.043519
243,-8.334,0,39,0.629,0.034461
244,-8.273,0,39,0.6278,0.048328
245,-9.2525,0,36,0.6266,0.041271
246,-8.4725,0,35,0.6255,0.041042
247,-9.159,0,46,0.6241,0.04422
248,-8.963,0,39,0.6229,0.041646
249,-9.7,0,44,0.6215,0.028255
250,-8.314,0,37,0.6204,0.050768
251,-9.5755,0,38,0.6192,0.035711
252,-8.6815,0,37,0.618,0.040249
253,-9.005,0,38,0.6169,0.046209
254,-9.679,0,38,0.6157,0.035053
255,-8.8135,0,39,0.6145,0.04289
256,-8.996,0,43,0.6132,0.035438
257,-9.131,0,36,0.6121,0.040576
258,-9.58,0,40,0.6108,0.037741
259,-8.22,0,38,0.6097,0.033716
260,-7.9415,0,46,0.6083,0.026331
261,-9.7555,0,37,0.6072,0.019054
262,-9.76,0,38,0.606,0.017063
263,-9.73,0,39,0.6048,0.031142
264,-9.6575,0,39,0.6036,0.028061
265,-8.61,0,37,0.6025,0.025425
266,-8.472,0,40,0.6013,0.022458
267,-9.602,0,40,0.6001,0.02829
268,-8.174,0,39,0.599,0.021048
269,-9.77,0,38,0.5978,0.019747
270,-9.1025,0,40,0.5966,0.018881
271,-8.188,0,39,0.5955,0.019364
272,-9.8,0,37,0.5944,0.02185
273,-9.71,0,41,0.5931,0.017392
274,-9.5475,0,41,0.5919,0.019957
275,-8.1135,0,40,0.5907,0.0166
276,-8.381,0,39,0.5896,0.022428
277,-8.2025,0,42,0.5884,0.014323
278,-9.74,0,38,0.5872,0.01528
279,-8.484,0,42,0.586,0.016233
280,-9.366,0,37,0.5849,0.022329
281,-8.968,0,40,0.5838,0.013431
282,-8.7455,0,39,0.5826,0.014803
283,-8.6305,0,37,0.5815,0.013087
284,-9.5525,0,38,0.5804,0.013901
285,-9.4505,0,47,0.5791,0.007704
286,-9.5875,0,47,0.5777,0.012898
287,-8.8295,0,45,0.5764,0.008119
288,-8.4715,0,42,0.5752,0.016197
289,-9.3195,0,39,0.5741,0.011834
290,-8.5515,0,39,0.573,0.009652
291,-9.639,0,43,0.5717,0.011766
292,-8.491,0,40,0.5706,0.01013
293,-9.709,0,37,0.5695,0.007806
294,-8.646,0,39,0.5684,0.009214
295,-9.71,0,41,0.5673,0.011178
296,-9.66,0,44,0.566,0.007006
297,-8.299,0,38,0.565,0.011373
298,-8.2515,0,40,0.5638,0.010075
299,-9.6195,0,47,0.5625,0.008467
300,-9.662,0,40,0.5614,0.005934
301,-8.238,0,45,0.5601,0.00705
302,-8.945,0,38,0.5591,0.009291
303,-9.681,0,42,0.5579,0.009044
304,-8.2175,0,40,0.5568,0.008069
305,-9.623,0,41,0.5556,0.007562
306,-8.2055,0,39,0.5545,0.004462
307,-9.254,0,46,0.5533,0.006889
308,-8.859,0,40,0.5522,0.00648
309,-8.4735,0,37,0.5511,0.005601
310,-8.0865,0,41,0.55,0.006693
311,-8.13,0,48,0.5487,0.006192
312,-8.736,0,43,0.5475,0.006456
313,-9.1895,0,45,0.5463,0.004693
314,-8.1445,0,42,0.5451,0.005814
315,-8.1555,0,41,0.544,0.00481
316,-9.69,0,40,0.5429,0.005525
317,-9.647,0,47,0.5417,0.004217
318,-9.381,0,39,0.5406,0.003859
319,-8.7415,0,38,0.5396,0.006937
320,-8.324,0,40,0.5385,0.004696
321,-8.964,0,38,0.5375,0.006189
322,-8.4875,0,41,0.5364,0.003781
323,-9.649,0,39,0.5353,0.003411
324,-8.1865,0,40,0.5343,0.004053
325,-8.286,0,40,0.5332,0.003104
326,-8.288,0,44,0.532,0.004735
327,-8.3065,0,38,0.531,0.004627
328,-9.6275,0,43,0.5299,0.006013
329,-8.859,0,47,0.5286,0.00333
330,-8.238,0,45,0.5274,0.004642
331,-9.621,0,45,0.5263,0.002838
332,-8.78,0,37,0.5253,0.002443
333,-8.0395,0,47,0.5241,0.003254
334,-8.01,0,42,0.523,0.00288
335,-8.685,0,47,0.5217,0.003095
336,-9.1505,0,47,0.5205,0.002088
337,-8.5375,0,37,0.5195,0.002493
338,-8.119,0,41,0.5185,0.003225
339,-7.512,0,47,0.5173,0.002971
340,-9.419,0,40,0.5162,0.002853
341,-8.208,0,44,0.5151,0.003172
342,-9.7,0,41,0.514,0.002551
343,-9.204,0,47,0.5128,0.002579
344,-9.3075,0,44,0.5117,0.002416
345,-8.106,0,47,0.5105,0.002645
346,-9.399,0,47,0.5093,0.002864
347,-8.3855,0,40,0.5083,0.002667
348,-7.8045,0,46,0.5071,0.00302
349,-9.76,0,37,0.5062,0.002208
350,-7.9215,0,46,0.505,0.002492
351,-8.0085,0,46,0.5039,0.00364
352,-8.8225,0,47,0.5027,0.003065
353,-9.321,0,44,0.5016,0.003959
354,-8.9875,0,44,0.5005,0.002661
355,-8.975,0,38,0.4995,0.003232
356,-9.7875,0,37,0.4986,0.002171
357,-7.8535,0,47,0.4974,0.003847
358,-9.79,0,38,0.4965,0.00448
359,-8.289,0,47,0.4953,0.002106
360,-8.9375,0,43,0.4942,0.002952
361,-9.1425,0,47,0.4931,0.004114
362,-8.2255,0,44,0.492,0.002831
363,-9.154,0,47,0.4908,0.002018
364,-9.008,0,43,0.4898,0.00189
365,-8.643,0,47,0.4886,0.002307
366,-9.343,0,40,0.4877,0.003377
367,-8.3215,0,40,0.4867,0.001551
368,-8.756,0,47,0.4856,0.003223
369,-8.511,0,45,0.4845,0.00262
370,-9.72,0,41,0.4835,0.002108
371,-9.1615,0,43,0.4824,0.00151
372,-9.326,0,45,0.4813,0.003185
373,-8.059,0,42,0.4803,0.00251
374,-9.4165,0,47,0.4792,0.002526
375,-8.2825,0,38,0.4783,0.003735
376,-7.9475,0,43,0.4773,0.002359
377,-9.2105,0,40,0.4763,0.002179
378,-8.1075,0,46,0.4752,0.001927
379,-7.8,0,47,0.4741,0.00265
380,-9.174,0,47,0.473,0.002355
381,-8.3165,0,47,0.4719,0.002094
382,-7.98,0,44,0.4708,0.003555
383,-8.509,0,47,0.4697,0.003876
384,-8.2235,0,46,0.4687,0.002892
385,-9.3475,0,47,0.4676,0.0036
386,-8.114,0,42,0.4666,0.002313
387,-9.7175,0,40,0.4657,0.002699
388,-8.1105,0,47,0.4646,0.002576
389,-9.69,0,42,0.4636,0.002039
390,-7.9535,0,47,0.4625,0.00276
391,-8.811,0,41,0.4615,0.003708
392,-7.7255,0,46,0.4605,0.00264
393,-8.1105,0,47,0.4594,0.002461
394,-7.741,0,47,0.4583,0.002159
395,-7.9355,0,47,0.4573,0.002722
396,-8.197,0,45,0.4562,0.00215
397,-8.1825,0,41,0.4553,0.00193
398,-7.862,0,47,0.4542,0.002434
399,-8.9255,0,38,0.4534,0.001635
400,-8.9225,0,47,0.4523,0.002872
401,-7.932,0,47,0.4512,0.003438
402,-7.887,0,41,0.4503,0.002786
403,-8.008,0,44,0.4493,0.003231
404,-9.3065,0,47,0.4483,0.002645
405,-9.519,0,47,0.4472,0.003346
406,-9.64,0,47,0.4462,0.004096
407,-7.938,0,47,0.4451,0.003226
408,-9.214,0,41,0.4442,0.003653
409,-9.59,0,47,0.4432,0.002312
410,-9.076,0,46,0.4421,0.002317
411,-9.6135,0,46,0.4411,0.002712
412,-9.263,0,40,0.4402,0.003604
413,-8.2175,0,41,0.4393,0.002043
414,-8.342,0,40,0.4385,0.002488
415,-8.027,0,44,0.4375,0.002612
416,-9.66,0,44,0.4365,0.00224
417,-7.861,0,43,0.4356,0.002687
418,-8.0775,0,45,0.4346,0.002256
419,-7.256,0,47,0.4336,0.001634
420,-9.5235,0,41,0.4327,0.002561
421,-9.708,0,41,0.4318,0.002522
422,-8.0295,0,47,0.4308,0.002116
423,-9.6035,0,47,0.4298,0.003646
424,-8.4035,0,44,0.4289,0.002396
425,-9.6725,0,41,0.428,0.002676
426,-9.5585,0,44,0.427,0.00331
427,-9.1135,0,47,0.426,0.002765
428,-9.567,0,44,0.4251,0.002755
429,-9.55,0,47,0.4241,0.004508
430,-8.4735,0,41,0.4232,0.002875
431,-8.0285,0,43,0.4223,0.002908
432,-6.236,1,92,0.4204,0.003162
433,-8.159,0,45,0.4194,0.003874
434,-8.2325,0,42,0.4186,0.004602
435,-6.197,0,51,0.4175,0.004253
436,-9.5405,0,37,0.4167,0.007673
437,-9.3495,0,43,0.4158,0.004925
438,-7.7235,0,47,0.4149,0.004187
439,-9.614,0,47,0.4139,0.007121
440,-9.6815,0,41,0.413,0.003319
441,-8.073,0,47,0.4121,0.005384
442,-9.66,0,43,0.4112,0.001716
443,-8.2825,0,45,0.4103,0.003784
444,-9.6955,0,41,0.4094,0.0074
445,-9.4565,0,43,0.4085,0.00324
446,-7.755,0,47,0.4076,0.003166
447,-8.908,0,43,0.4067,0.00183
448,-8.9785,0,47,0.4057,0.005586
449,-8.8305,0,47,0.4048,0.004543
450,-6.72,0,61,0.4036,0.004545
451,-8.5605,0,38,0.4028,0.004134
452,-9.6,0,47,0.4019,0.004194
453,-9.6,0,47,0.4009,0.004976
454,-8.968,0,47,0.4,0.005287
455,-8.23,0,47,0.399,0.004283
456,-7.804,0,47,0.3981,0.006279
457,-7.5765,0,47,0.3972,0.006848
458,-8.3905,0,47,0.3962,0.003699
459,-9.622,0,39,0.3955,0.003706
460,-8.4225,0,47,0.3945,0.005588
461,-8.803,0,47,0.3936,0.005444
462,-9.183,0,47,0.3927,0.003862
463,-7.889,0,47,0.3918,0.003868
464,-9.578,0,47,0.3908,0.004555
465,-9.62,0,47,0.3899,0.004941
466,-9.235,0,47,0.389,0.00379
467,-8.4555,0,43,0.3882,0.004009
468,-8.6895,0,41,0.3874,0.008233
469,-9.346,0,47,0.3865,0.005559
470,-8.3295,0,45,0.3856,0.007113
471,-8.175,0,44,0.3847,0.005976
472,-9.1605,0,47,0.3838,0.006255
473,-9.68,0,44,0.383,0.005951
474,-8.368,0,47,0.3821,0.005774
475,-7.7965,0,48,0.3812,0.003825
476,-7.18,0,48,0.3803,0.003828
477,-9.504,0,41,0.3795,0.007982
478,-9.273,0,46,0.3786,0.002393
479,-8.326,0,42,0.3778,0.005953
480,-9.201,0,41,0.3771,0.002975
481,-7.718,0,45,0.3762,0.002103
482,-9.67,0,44,0.3754,0.00177
483,-8.7725,0,41,0.3746,0.004172
484,-7.8605,0,47,0.3737,0.003711
485,-9.6,0,47,0.3729,0.001663
486,-7.881,0,47,0.372,0.005076
487,-8.804,0,44,0.3712,0.005426
488,-9.68,0,44,0.3703,0.00466
489,-7.8055,0,47,0.3695,0.004925
490,-7.8945,0,47,0.3686,0.002167
491,-7.0405,0,54,0.3676,0.004187
492,-7.9125,0,46,0.3668,0.005025
493,-6.864,1,68,0.3655,0.002866
494,-9.6995,0,40,0.3648,0.004152
495,-7.3855,0,47,0.3639,0.003218
496,-8.093,0,47,0.3631,0.002223
497,-9.439,0,47,0.3622,0.003758
498,-9.3035,0,40,0.3615,0.00383
499,-9.1685,0,47,0.3607,0.006573
500,-8.6285,0,47,0.3598,0.004445
501,-8.999,0,47,0.359,0.006074
502,-9.1585,0,47,0.3581,0.006431
503,-8.3455,0,43,0.3574,0.003235
504,-7.3405,0,48,0.3565,0.002317
505,-6.538,0,47,0.3557,0.003518
506,-8.141,0,47,0.3548,0.004339
507,-7.9225,0,52,0.3539,0.002938
508,-9.59,0,47,0.3531,0.004777
509,-9.351,0,46,0.3523,0.004524
510,-9.4785,0,47,0.3514,0.003856
511,-9.596,0,47,0.3506,0.002743
512,-7.3045,0,47,0.3498,0.001344
513,-7.894,0,47,0.349,0.001594
514,-8.462,0,47,0.3481,0.004454
515,-9.558,0,40,0.3475,0.003182
516,-9.544,0,47,0.3466,0.004185
517,-9.0435,0,47,0.3458,0.004968
518,-8.7185,0,47,0.345,0.003418
519,-7.9965,0,42,0.3443,0.006522
520,-9.6,0,47,0.3435,0.004667
521,-6.902,0,61,0.3424,0.00267
522,-9.3145,0,44,0.3417,0.004284
523,-9.5565,0,47,0.3409,0.002811
524,-9.5515,0,47,0.3401,0.003662
525,-8.475,0,47,0.3393,0.005114
526,-8.816,0,47,0.3385,0.003397
527,-7.5095,0,49,0.3377,0.004312
528,-7.142,0,58,0.3367,0.005998
529,-7.936,0,47,0.3359,0.005902
530,-9.621,0,44,0.3351,0.004977
531,-8.9085,0,47,0.3344,0.004375
532,-7.743,0,47,0.3336,0.003725
533,-7.818,0,47,0.3328,0.005102
534,-9.3655,0,47,0.332,0.006754
535,-6.998,0,49,0.3312,0.005497
536,-9.588,0,47,0.3304,0.002729
537,-8.0995,0,41,0.3297,0.004401
538,-8.306,0,47,0.329,0.006612
539,-7.2835,0,47,0.3282,0.003249
540,-9.557,0,47,0.3274,0.005366
541,-9.1965,0,47,0.3267,0.00517
542,-9.3805,0,39,0.326,0.006
543,-8.905,0,47,0.3253,0.006028
544,-7.6175,0,47,0.3245,0.005726
545,-8.607,0,46,0.3238,0.002561
546,-7.995,0,47,0.323,0.005988
547,-8.423,0,32,0.3225,0.003781
548,-8.236,0,39,0.3218,0.010792
549,-5.3415,1,67,0.3208,0.005367
550,-7.505,0,47,0.32,0.007051
551,-7.7075,0,47,0.3193,0.006891
552,-9.58,0,47,0.3185,0.004221
553,-9.67,0,47,0.3178,0.011801
554,-9.5505,0,40,0.3171,0.008936
555,-8.104,0,47,0.3164,0.006297
556,-7.8885,0,50,0.3156,0.007257
557,-9.58,0,47,0.3149,0.007659
558,-6.762,0,57,0.314,0.006109
559,-8.2405,0,46,0.3132,0.004939
560,-9.303,0,47,0.3125,0.010177
561,-8.0225,0,47,0.3118,0.008723
562,-9.65,0,46,0.3111,0.00894
563,-9.5315,0,47,0.3103,0.010554
564,-9.68,0,42,0.3097,0.007104
565,-8.602,0,47,0.3089,0.009394
566,-7.8,0,56,0.3081,0.008658
567,-9.5815,0,47,0.3074,0.006866
568,-8.1085,0,47,0.3066,0.011208
569,-9.63,0,47,0.3059,0.007372
570,-8.469,0,47,0.3052,0.006712
571,-9.551,0,44,0.3045,0.008002
572,-7.3825,0,56,0.3037,0.01132
573,-8.085,0,47,0.303,0.004233
574,-9.5625,0,46,0.3023,0.008539
575,-9.2145,0,47,0.3016,0.005674
576,-8.257,0,47,0.3009,0.004253
577,-6.664,0,59,0.3,0.011852
578,-7.9275,0,47,0.2993,0.007106
579,-8.604,0,40,0.2987,0.004965
580,-9.6825,0,41,0.2981,0.0057
581,-9.597,0,45,0.2974,0.01038
582,-8.2615,0,39,0.2968,0.006713
583,-8.032,0,47,0.2961,0.010987
584,-9.075,0,43,0.2955,0.008765
585,-7.3015,0,52,0.2947,0.008561
586,-9.514,0,47,0.294,0.014032
587,-9.146,0,47,0.2933,0.009702
588,-6.0125,0,64,0.2924,0.00876
589,-9.607,0,46,0.2917,0.008438
590,-9.445,0,47,0.291,0.00409
591,-7.782,0,47,0.2903,0.011475
592,-9.63,0,45,0.2897,0.006729
593,-1.9833,1,151,0.2875,0.008294
594,-7.9165,0,47,0.2868,0.010213
595,-7.413,0,47,0.2862,0.007908
596,-9.519,0,47,0.2855,0.010242
597,-9.422,0,47,0.2848,0.007055
598,-8.229,0,46,0.2842,0.005295
599,-7.041,0,54,0.2834,0.010697
600,-7.0415,0,47,0.2827,0.004457
601,-9.5,0,41,0.2822,0.008397
602,-8.25,0,41,0.2816,0.010253
603,-8.377,0,47,0.2809,0.010063
604,-5.8135,0,61,0.2801,0.009557
605,-9.59,0,47,0.2794,0.008247
606,-9.65,0,47,0.2788,0.006513
607,-9.62,0,47,0.2781,0.006185
608,-6.55,0,54,0.2773,0.00616
609,-7.819,0,47,0.2767,0.007109
610,-9.5995,0,47,0.276,0.006175
611,-9.5455,0,47,0.2754,0.009116
612,-7.36,0,52,0.2747,0.007085
613,-6.674,0,57,0.2739,0.010298
614,-8.8905,0,41,0.2733,0.00947
615,-6.939,0,64,0.2725,0.010062
616,-7.3935,0,50,0.2718,0.005999
617,-7.825,0,47,0.2712,0.007587
618,-9.57,0,47,0.2705,0.007192
619,-9.349,0,47,0.2699,0.005837
620,-8.442,0,47,0.2692,0.012185
621,-6.6095,1,67,0.2683,0.011039
622,-9.068,0,47,0.2677,0.008418
623,-8.2945,0,47,0.2671,0.010124
624,-8.6915,0,47,0.2665,0.009684
625,-9.524,0,47,0.2658,0.007128
626,-9.592,0,47,0.2652,0.012791
627,-9.4035,0,47,0.2646,0.010019
628,-8.7995,0,47,0.264,0.008411
629,-9.241,0,47,0.2633,0.010514
630,-5.768,1,112,0.2619,0.008178
631,-8.796,0,47,0.2613,0.012572
632,-9.212,0,47,0.2606,0.01521
633,-8.399,0,47,0.26,0.003541
634,-9.1875,0,47,0.2594,0.009761
635,-9.61,0,47,0.2588,0.011306
636,-6.9795,0,66,0.258,0.012318
637,-6.466,1,67,0.2571,0.012521
638,-6.683,0,47,0.2565,0.02189
639,-4.854,1,91,0.2553,0.010865
640,-9.69,0,32,0.2549,0.012055
641,-8.0915,0,47,0.2543,0.007291
642,-5.893,1,87,0.2532,0.012877
643,-5.277,0,59,0.2525,0.009578
644,-8.991,0,45,0.2519,0.011618
645,-9.095,0,54,0.2512,0.00688
646,-8.998,0,47,0.2506,0.015319
647,-9.589,0,47,0.2501,0.012136
648,-7.3155,0,47,0.2495,0.011119
649,-9.293,0,47,0.2489,0.012741
650,-6.3235,0,61,0.2481,0.010822
651,-6.611,0,50,0.2475,0.013
652,-6.6425,0,63,0.2467,0.015847
653,-9.1845,0,47,0.2461,0.008059
654,-7.431,0,47,0.2456,0.013954
655,-7.985,0,47,0.245,0.006791
656,-6.73,0,61,0.2442,0.019373
657,-7.2335,0,47,0.2437,0.010194
658,-5.985,1,105,0.2424,0.014514
659,-8.9555,0,42,0.2419,0.009297
660,-8.0575,0,47,0.2413,0.013158
661,-9.083,0,45,0.2408,0.013808
662,-7.3655,0,49,0.2402,0.015112
663,-7.4855,0,48,0.2396,0.007226
664,-9.63,0,47,0.239,0.014285
665,-9.41,0,47,0.2385,0.005333
666,-8.7465,0,41,0.238,0.01067
667,-8.123,0,40,0.2375,0.014579
668,-7.607,0,62,0.2368,0.015541
669,-9.522,0,47,0.2362,0.013106
670,-9.458,0,47,0.2357,0.007332
671,-6.753,0,55,0.235,0.01005
672,-7.143,0,55,0.2344,0.010363
673,-7.3855,0,47,0.2338,0.01015
674,-7.442,0,50,0.2333,0.006594
675,-9.371,0,47,0.2327,0.01144
676,-8.6865,0,47,0.2322,0.011303
677,-9.5985,0,47,0.2316,0.009156
678,-9.6,0,47,0.2311,0.010455
679,-3.3435,1,91,0.23,0.012971
680,-9.56,0,47,0.2295,0.014715
681,-9.141,0,47,0.2289,0.015139
682,-8.8455,0,47,0.2284,0.01211
683,-9.6,0,47,0.2279,0.009428
684,-7.6855,0,47,0.2273,0.015546
685,-9.62,0,47,0.2268,0.011216
686,-8.9185,0,47,0.2263,0.018958
687,-8.635,0,43,0.2258,0.017859
688,-9.57,0,47,0.2253,0.014658
689,-7.893,0,47,0.2247,0.01164
690,-7.7825,0,45,0.2242,0.017159
691,-0.7298,1,191,0.2221,0.011334
692,-6.398,1,95,0.221,0.014775
693,-7.297,0,47,0.2205,0.013614
694,-8.01,0,47,0.22,0.010186
695,-7.859,0,60,0.2193,0.011122
696,-8.579,0,47,0.2188,0.011273
697,-6.276,0,52,0.2183,0.013667
698,-8.337,0,47,0.2177,0.019953
699,-9.62,0,47,0.2172,0.010904
700,-4.7757,1,127,0.2159,0.015475
701,-9.526,0,47,0.2154,0.012481
702,-9.58,0,47,0.2148,0.014676
703,-9.503,0,47,0.2143,0.017781
704,-7.7045,0,47,0.2138,0.013964
705,-9.4555,0,44,0.2134,0.016322
706,-8.8345,0,47,0.2129,0.012326
707,-9.3685,0,46,0.2124,0.025451
708,-9.63,0,47,0.2119,0.017623
709,-7.8845,0,47,0.2114,0.013779
710,-8.0715,0,47,0.2109,0.0175
711,-6.367,1,97,0.2099,0.015651
712,-7.2595,0,47,0.2094,0.019652
713,-8.068,0,47,0.2089,0.013558
714,-9.284,0,42,0.2084,0.01665
715,-7.864,0,47,0.208,0.016448
716,-2.8615,1,155,0.2063,0.017546
717,-8.039,0,47,0.2059,0.022873
718,-9.3225,0,44,0.2054,0.013784
719,-9.3565,0,44,0.205,0.01636
720,-8.1205,0,47,0.2045,0.011613
721,-7.59,0,47,0.204,0.015436
722,-9.5275,0,47,0.2035,0.012289
723,-8.3995,0,47,0.203,0.018767
724,-9.639,0,47,0.2026,0.016787
725,-8.1465,0,47,0.2021,0.017252
726,-3.7535,1,138,0.2007,0.013443
727,-6.763,0,49,0.2002,0.011269
728,-8.2955,0,47,0.1997,0.016944
729,-9.59,0,47,0.1993,0.010695
730,-7.062,0,53,0.1987,0.014807
731,-5.472,1,70,0.198,0.014422
732,-6.956,0,52,0.1975,0.013112
733,-9.406,0,47,0.1971,0.011996
734,-7.7335,0,47,0.1966,0.015969
735,-9.58,0,47,0.1961,0.014148
736,-7.3725,0,47,0.1957,0.02005
737,-8.0965,0,47,0.1952,0.012691
738,-2.999,1,116,0.1941,0.022139
739,-6.5855,0,58,0.1935,0.02023
740,-9.226,0,47,0.1931,0.015341
741,-3.901,1,87,0.1922,0.020432
742,4.0892,1,216,0.1902,0.019166
743,-6.268,0,47,0.1897,0.019766
744,-9.3045,0,47,0.1893,0.020889
745,-9.406,0,47,0.1888,0.017127
746,-7.9575,0,47,0.1884,0.015856
747,-6.742,0,49,0.1879,0.016859
748,-7.971,0,46,0.1875,0.021324
749,-9.62,0,47,0.1871,0.016684
750,-8.9415,0,47,0.1866,0.01316
751,-9.3355,0,47,0.1862,0.009947
752,-5.468,1,106,0.1852,0.017372
753,-6.219,0,62,0.1846,0.017555
754,-9.67,0,42,0.1842,0.010603
755,-9.576,0,47,0.1838,0.01948
756,-9.547,0,47,0.1834,0.015962
757,-9.577,0,47,0.1829,0.016379
758,-5.051,1,69,0.1823,0.017255
759,-9.507,0,47,0.1819,0.015186
760,-9.3025,0,47,0.1815,0.019447
761,-7.837,0,47,0.181,0.013895
762,-5.3115,1,117,0.18,0.017363
763,-7.418,0,47,0.1796,0.015803
764,1.5855,1,197,0.1778,0.016742
765,-8.233,0,47,0.1774,0.016864
766,-9.156,0,47,0.177,0.018261
767,-7.4235,0,47,0.1766,0.021576
768,-6.1825,0,52,0.1761,0.015864
769,-9.5115,0,47,0.1757,0.014055
770,-4.169,1,94,0.1749,0.012929
771,-5.6105,1,109,0.1739,0.013639
772,-9.539,0,47,0.1735,0.017428
773,-9.523,0,47,0.1731,0.019416
774,-9.57,0,47,0.1727,0.020093
775,-8.1725,0,47,0.1723,0.016341
776,-4.6555,1,106,0.1714,0.012678
777,-6.1185,1,94,0.1706,0.019298
778,-3.4615,1,127,0.1695,0.017981
779,-7.232,0,56,0.169,0.023535
780,-9.198,0,47,0.1686,0.017273
781,-7.4885,0,47,0.1682,0.016887
782,0.8643,1,163,0.1669,0.020596
783,-7.1305,0,47,0.1665,0.018023
784,-6.681,0,47,0.1661,0.016839
785,-8.591,0,47,0.1657,0.013822
786,-5.9665,1,79,0.165,0.025129
787,-7.1715,0,52,0.1646,0.016063
788,-6.243,0,66,0.1641,0.024992
789,-9.543,0,47,0.1637,0.017462
790,-7.684,0,63,0.1632,0.019997
791,-1.4622,1,137,0.162,0.025043
792,-5.631,0,58,0.1616,0.025708
793,-6.907,0,62,0.1611,0.023744
794,-5.2765,0,62,0.1606,0.018296
795,-9.5475,0,47,0.1602,0.023768
796,-9.2955,0,47,0.1598,0.01611
797,-8.5285,0,55,0.1594,0.022188
798,-6.6275,0,51,0.159,0.026285
799,-6.7025,0,48,0.1586,0.018706
800,-7.4175,0,64,0.1581,0.025315
801,-1.5972,1,187,0.1566,0.022998
802,-7.735,0,47,0.1563,0.016893
803,-6.9915,0,64,0.1558,0.022394
804,-4.865,1,103,0.155,0.026241
805,-4.9615,1,94,0.1542,0.01832
806,-7.429,0,63,0.1537,0.02433
807,-2.4562,1,125,0.1528,0.022359
808,-3.3205,1,107,0.152,0.017885
809,-9.57,0,47,0.1516,0.01279
810,-7.6515,0,47,0.1513,0.023487
811,-6.0095,1,68,0.1507,0.01745
812,-3.0695,1,129,0.1498,0.024117
813,-9.57,0,47,0.1494,0.025521
814,-8.256,0,47,0.1491,0.025766
815,-6.9425,0,50,0.1487,0.024563
816,-9.1,0,47,0.1483,0.025002
817,-9.386,0,47,0.148,0.023642
818,-7.548,0,47,0.1477,0.023205
819,-9.3805,0,46,0.1473,0.024233
820,-5.292,0,62,0.1469,0.019058
821,-8.486,0,47,0.1465,0.02272
822,-5.9195,0,55,0.1461,0.021742
823,-4.0215,1,109,0.1453,0.020513
824,-9.1755,0,47,0.145,0.026899
825,-7.41,0,47,0.1446,0.016755
826,-8.734,0,47,0.1443,0.017552
827,-7.012,0,54,0.1439,0.022506
828,-1.681,1,135,0.1429,0.0223
829,-4.933,0,63,0.1425,0.018116
830,-5.932,0,55,0.1421,0.025439
831,-3.4243,1,129,0.1412,0.022438
832,-6.0495,0,62,0.1407,0.022599
833,-4.158,1,197,0.1394,0.027814
834,-6.981,0,47,0.139,0.017796
835,-8.257,0,47,0.1387,0.020622
836,-4.7417,1,135,0.1378,0.0213
837,-6.169,1,67,0.1373,0.025757
838,-5.8945,0,65,0.1369,0.021969
839,-6.4,1,68,0.1364,0.024598
840,1.4937,2,286,0.1345,0.025821
841,-7.2515,0,47,0.1342,0.028076
842,-6.2515,0,56,0.1338,0.022037
843,-7.958,0,47,0.1335,0.025635
844,-7.8525,0,54,0.1331,0.022853
845,-7.8825,0,47,0.1328,0.029318
846,-8.113,0,47,0.1325,0.021009
847,-4.2185,1,100,0.1318,0.025428
848,-6.95,0,52,0.1315,0.022261
849,-9.5655,0,47,0.1312,0.020125
850,-5.9875,0,50,0.1308,0.021955
851,-6.1615,0,60,0.1305,0.026879
852,-7.3235,0,52,0.1301,0.02683
853,-6.1365,0,56,0.1297,0.031972
854,-7.524,0,59,0.1294,0.027897
855,-7.855,0,56,0.129,0.01837
856,-7.144,0,47,0.1287,0.025728
857,-6.7835,0,58,0.1283,0.026382
858,-1.0103,1,169,0.1273,0.022157
859,-6.3705,0,65,0.1268,0.026051
860,-9.56,0,47,0.1265,0.02515
861,-1.6618,1,141,0.1257,0.023207
862,-6.6665,0,53,0.1253,0.035922
863,-8.9725,0,58,0.125,0.03357
864,-9.497,0,47,0.1247,0.01617
865,-8.1835,0,47,0.1244,0.020347
866,-9.32,0,47,0.1241,0.028767
867,-6.882,0,51,0.1238,0.025608
868,-6.656,0,47,0.1235,0.017871
869,-6.52,0,57,0.1231,0.028882
870,-4.5715,1,68,0.1227,0.029897
871,-7.687,0,47,0.1224,0.026412
872,-3.406,1,102,0.1218,0.02967
873,-8.031,0,47,0.1215,0.04154
874,-5.917,0,60,0.1211,0.025275
875,3.0695,1,214,0.1199,0.026573
876,-7.0065,0,47,0.1196,0.023954
877,-7.6975,0,47,0.1193,0.020845
878,-7.9645,0,47,0.119,0.024863
879,-7.2225,0,47,0.1187,0.034067
880,-8.3135,0,47,0.1185,0.033316
881,-9.5695,0,47,0.1182,0.027331
882,-3.9925,1,70,0.1178,0.029886
883,-9.351,0,41,0.1175,0.036575
884,-6.456,0,64,0.1171,0.026976
885,-6.5425,0,53,0.1168,0.029376
886,-8.594,0,47,0.1166,0.021442
887,-9.146,0,47,0.1163,0.028881
888,-5.446,0,59,0.1159,0.029166
889,-9.34,0,47,0.1157,0.030036
890,0.1503,1,197,0.1145,0.029584
891,-9.5675,0,47,0.1143,0.021061
892,-9.373,0,47,0.114,0.027844
893,-7.487,0,55,0.1137,0.022839
894,-8.3125,0,47,0.1134,0.038778
895,-3.4222,1,139,0.1126,0.028098
896,-9.3515,0,47,0.1124,0.032195
897,-9.441,0,47,0.1121,0.02346
898,-9.57,0,47,0.1118,0.021827
899,-6.715,0,47,0.1116,0.032878
900,-9.0745,0,47,0.1113,0.030644
901,4.3327,1,197,0.1102,0.028856
902,-7.878,0,48,0.11,0.027327
903,-8.248,0,49,0.1097,0.037919
904,3.356,1,202,0.1086,0.025309
905,-7.882,0,47,0.1083,0.019493
906,1.265,1,197,0.1073,0.023934
907,-7.232,0,47,0.107,0.021402
908,-9.58,0,47,0.1068,0.030584
909,-9.328,0,47,0.1065,0.030447
910,-2.0912,1,167,0.1056,0.028396
911,-7.3765,0,57,0.1053,0.023508
912,-9.1235,0,47,0.1051,0.031449
913,0.139,1,211,0.104,0.028394
914,-0.2028,1,212,0.1029,0.026881
915,-5.5315,0,60,0.1026,0.022859
916,-8.6125,0,47,0.1023,0.026828
917,-8.98,0,47,0.1021,0.024095
918,-3.4065,1,142,0.1014,0.036572
919,-8.0145,0,47,0.1011,0.040138
920,-2.6312,1,197,0.1001,0.028675
921,-7.963,0,47,0.0999,0.026758
922,-2.969,1,156,0.0991,0.026428
923,-0.2165,1,201,0.0981,0.026318
924,-8.443,0,47,0.0979,0.033975
925,-7.972,0,48,0.0977,0.034999
926,3.8598,1,197,0.0967,0.0306
927,-7.2735,0,47,0.0965,0.03022
928,-9.541,0,47,0.0963,0.033116
929,-8.7845,0,47,0.096,0.035898
930,-6.41,0,55,0.0958,0.041178
931,-2.1483,1,192,0.0949,0.031119
932,1.5623,1,197,0.0939,0.027563
933,-7.1385,0,52,0.0937,0.038012
934,-9.554,0,47,0.0935,0.028338
935,-8.298,0,47,0.0933,0.024895
936,-2.2792,1,197,0.0923,0.028815
937,-8.79,0,47,0.0921,0.028609
938,-6.127,0,64,0.0918,0.030434
939,-7.827,0,47,0.0916,0.024978
940,-4.668,1,197,0.0907,0.030558
941,14.1752,3,499,0.0885,0.029072
942,-3.145,1,133,0.0879,0.030963
943,11.5605,2,348,0.0864,0.03171
944,-7.278,0,52,0.0862,0.029735
945,-3.159,1,197,0.0853,0.031481
946,-9.5115,0,47,0.0851,0.029788
947,8.8557,2,342,0.0837,0.031776
948,-8.48,0,47,0.0835,0.02825
949,-6.969,0,47,0.0833,0.033292
950,-6.396,0,48,0.0831,0.035587
951,-5.5285,1,162,0.0824,0.031449
952,-0.9592,1,197,0.0816,0.03277
953,-5.955,0,63,0.0813,0.039491
954,-5.143,1,69,0.0811,0.026176
955,-6.899,0,62,0.0808,0.023161
956,-3.1685,1,167,0.0801,0.030854
957,-7.247,0,53,0.0799,0.032577
958,-1.2127,1,208,0.0791,0.026166
959,-3.3268,1,197,0.0783,0.029902
960,3.0535,2,348,0.077,0.033574
961,-7.837,0,63,0.0767,0.046617
962,-4.5885,1,197,0.076,0.031566
963,1.02,1,197,0.0752,0.031652
964,-0.356,1,197,0.0745,0.02979
965,0.0725,1,197,0.0738,0.030302
966,4.762,2,348,0.0725,0.030397
967,-3.22,1,99,0.0721,0.039069
968,-8.7715,0,47,0.072,0.036141
969,-8.899,0,47,0.0718,0.026095
970,1.8035,1,197,0.0711,0.02886
971,-1.3235,1,167,0.0705,0.0302
972,0.2102,1,197,0.0698,0.035848
973,-5.8325,0,61,0.0696,0.037015
974,-7.284,0,55,0.0694,0.031722
975,0.957,1,198,0.0687,0.031971
976,-6.63,0,47,0.0686,0.034805
977,-2.6015,1,106,0.0682,0.029588
978,-8.9015,0,47,0.068,0.038145
979,2.8772,1,200,0.0674,0.031438
980,0.4892,1,160,0.0668,0.034684
981,5.3607,2,319,0.0658,0.031116
982,-9.56,0,47,0.0656,0.029651
983,-7.616,0,47,0.0655,0.037552
984,5.4852,2,348,0.0643,0.030271
985,-9.5395,0,47,0.0642,0.025225
986,2.3148,1,213,0.0635,0.028613
987,-9.0755,0,49,0.0633,0.032304
988,-6.5725,0,47,0.0632,0.023806
989,0.4027,1,197,0.0626,0.034317
990,11.2465,2,348,0.0615,0.032844
991,-8.747,0,47,0.0613,0.026882
992,5.2683,2,348,0.0603,0.031718
993,-6.055,0,65,0.0601,0.031668
994,-8.365,0,63,0.0599,0.033815
995,8.6148,2,348,0.0589,0.034704
996,-7.6235,0,47,0.0587,0.031728
997,-7.702,0,47,0.0586,0.036883
998,8.2865,2,291,0.0578,0.026957
999,-0.259,1,197,0.0572,0.030188
1000,-7.0817,0,47,0.0571,0.030612
1001,-1.865,1,115,0.0567,0.033884
1002,-8.7442,0,47,0.0566,0.043057
1003,-7.8717,0,59,0.0564,0.019661
1004,-9.2308,0,47,0.0563,0.030452
1005,-1.5208,1,124,0.0559,0.029672
1006,-4.5325,1,67,0.0558,0.029897
1007,-7.0558,0,51,0.0556,0.035134
1008,0.2742,1,209,0.055,0.028835
1009,-8.6467,0,47,0.0549,0.022343
1010,-7.4575,0,58,0.0547,0.027472
1011,-9.3892,0,47,0.0546,0.042251
1012,-9.4442,0,47,0.0545,0.037495
1013,-7.895,0,56,0.0543,0.036096
1014,23.495,4,576,0.0528,0.031369
1015,1.0192,1,197,0.0523,0.031392
1016,-7.8792,0,47,0.0522,0.018645
1017,-9.4692,0,47,0.052,0.03082
1018,1.585,1,197,0.0515,0.035566
1019,-7.6233,0,65,0.0514,0.024877
1020,-9.62,0,47,0.0512,0.037076
1021,-6.475,1,68,0.0511,0.027421
1022,-9.61,0,47,0.0509,0.029573
1023,-7.8608,0,48,0.0508,0.022427
1024,-9.63,0,47,0.0507,0.024147
1025,-9.2217,0,47,0.0506,0.032548
1026,-1.8858,1,126,0.0503,0.033261
1027,-8.5467,0,47,0.0501,0.031262
1028,-7.4708,0,47,0.05,0.018342
1029,-9.0458,0,47,0.05,0.03081
1030,-3.1117,1,117,0.05,0.028174
1031,-2.7392,1,125,0.05,0.032457
1032,2.3525,2,219,0.05,0.031478
1033,-9.0533,0,49,0.05,0.035251
1034,-8.4267,0,47,0.05,0.026527
1035,-8.2633,0,47,0.05,0.032478
1036,-9.0933,0,47,0.05,0.040546
1037,2.0317,1,214,0.05,0.031715
1038,1.4475,1,201,0.05,0.033562
1039,-6.1717,0,56,0.05,0.024463
1040,-6.885,0,62,0.05,0.025555
1041,-6.23,1,67,0.05,0.040746
1042,-3.0325,1,126,0.05,0.028281
1043,1.0308,1,206,0.05,0.030494
1044,-9.125,0,47,0.05,0.024346
1045,-1.0992,1,197,0.05,0.031214
1046,-6.0317,1,67,0.05,0.035053
1047,-3.49,1,115,0.05,0.03133
1048,-4.8133,1,70,0.05,0.039823
1049,-9.1183,0,47,0.05,0.031816
1050,0.9225,1,203,0.05,0.038316
1051,-9.1742,0,47,0.05,0.03506
1052,-6.77,1,68,0.05,0.032201
1053,-7.9758,0,47,0.05,0.022234
1054,-7.2875,0,54,0.05,0.049485
1055,-9.2483,0,47,0.05,0.025149
1056,-7.4592,0,58,0.05,0.030353
1057,-5.93,0,63,0.05,0.031397
1058,-9.0675,0,47,0.05,0.033721
1059,-7.1658,0,50,0.05,0.032519
1060,-7.1,0,61,0.05,0.031079
1061,-9.85,0,47,0.05,0.028274
1062,-7.1892,0,51,0.05,0.039494
1063,-9.62,0,47,0.05,0.046482
1064,-7.3383,0,53,0.05,0.042533
1065,-7.2142,0,47,0.05,0.031077
1066,-9.5833,0,47,0.05,0.028862
1067,-9.355,0,47,0.05,0.034907
1068,-5.6917,0,56,0.05,0.029697
1069,0.8817,1,205,0.05,0.032907
1070,-9.56,0,47,0.05,0.046895
1071,-6.315,1,68,0.05,0.026859
1072,-0.0633,1,197,0.05,0.035279
1073,-1.6267,1,197,0.05,0.033831
1074,-9.4992,0,47,0.05,0.031921
1075,5.3692,2,348,0.05,0.034095
1076,-5.2417,1,70,0.05,0.037023
1077,1.5042,1,163,0.05,0.031869
1078,-9.52,0,47,0.05,0.035881
1079,-9.055,0,55,0.05,0.033114
1080,-9.69,0,47,0.05,0.035095
1081,-9.3942,0,47,0.05,0.03091
1082,-8.4742,0,58,0.05,0.035406
1083,-7.8208,0,50,0.05,0.044037
1084,-1.6242,1,197,0.05,0.031426
1085,-8.0533,0,47,0.05,0.031023
1086,-9.55,0,47,0.05,0.033773
1087,-9.56,0,47,0.05,0.038635
1088,17.4342,3,507,0.05,0.034999
1089,-0.8717,1,197,0.05,0.037759
1090,-8.8942,0,47,0.05,0.045544
1091,-4.7608,1,69,0.05,0.034934
1092,-9.8083,0,47,0.05,0.029862
1093,-1.6433,1,197,0.05,0.029132
1094,-5.5275,1,67,0.05,0.02581
1095,-1.7633,1,191,0.05,0.039996
1096,-8.5575,0,47,0.05,0.034172
1097,15.5283,3,512,0.05,0.032581
1098,-5.7892,0,56,0.05,0.029352
1099,-1.405,1,206,0.05,0.030136
1100,0.9283,1,197,0.05,0.030924
1101,7.5767,2,282,0.05,0.034559
1102,-6.0892,0,52,0.05,0.035293
1103,-9.2975,0,47,0.05,0.033985
1104,-5.9267,0,57,0.05,0.030472
1105,-6.1367,0,64,0.05,0.034164
1106,-8.3375,0,47,0.05,0.028981
1107,-5.4925,1,81,0.05,0.039212
1108,-8.7467,0,47,0.05,0.032456
1109,-9.2075,0,47,0.05,0.029537
1110,-8.96,0,47,0.05,0.035839
1111,3.6642,2,219,0.05,0.03171
1112,-1.2383,1,197,0.05,0.030138
1113,-8.8008,0,58,0.05,0.027713
1114,-7.9567,0,47,0.05,0.044626
1115,-9.55,0,47,0.05,0.030958
1116,2.8758,1,216,0.05,0.033669
1117,-1.7233,1,197,0.05,0.031413
1118,-7.9142,0,47,0.05,0.033858
1119,4.435,1,213,0.05,0.033139
1120,9.115,2,348,0.05,0.033597
1121,-4.6175,1,70,0.05,0.033835
1122,-8.3575,0,47,0.05,0.027307
1123,-8.805,0,51,0.05,0.019789
1124,-1.0875,1,197,0.05,0.02936
1125,-9.55,0,47,0.05,0.034123
1126,1.7617,1,197,0.05,0.034441
1127,45.3758,5,811,0.05,0.032853
1128,-6.3842,0,64,0.05,0.025282
1129,10.6233,2,349,0.05,0.033673
1130,-8.3442,0,47,0.05,0.035747
1131,-8.1267,0,47,0.05,0.030615
1132,3.2675,2,218,0.05,0.026571
1133,-2.4883,1,197,0.05,0.03379
1134,9.285,2,348,0.05,0.035475
1135,2.2125,1,201,0.05,0.036962
1136,-6.3158,0,57,0.05,0.023
1137,3.9733,1,200,0.05,0.030965
1138,-8.6033,0,56,0.05,0.02229
1139,-6.5508,1,70,0.05,0.036451
1140,-8.09,0,47,0.05,0.029835
1141,-8.2475,0,53,0.05,0.028171
1142,-0.0225,1,197,0.05,0.03058
1143,-7.5758,0,47,0.05,0.028233
1144,-6.0867,0,62,0.05,0.039641
1145,-7.16,0,47,0.05,0.026633
1146,20.6092,4,568,0.05,0.029415
1147,8.21,2,368,0.05,0.030824
1148,-5.0908,0,62,0.05,0.03698
1149,-6.5225,0,51,0.05,0.02705
1150,-1.7583,1,136,0.05,0.02657
1151,0.6533,1,202,0.05,0.031477
1152,-8.3325,0,52,0.05,0.026829
1153,-2.99,1,197,0.05,0.024249
1154,-8.0483,0,47,0.05,0.033973
1155,-1.63,1,197,0.05,0.025349
1156,9.0825,2,357,0.05,0.027456
1157,-5.8833,0,60,0.05,0.028699
1158,-8.1808,0,47,0.05,0.039784
1159,-0.3417,1,197,0.05,0.031873
1160,-9.55,0,47,0.05,0.027435
1161,3.3317,1,200,0.05,0.026385
1162,28.5733,4,650,0.05,0.028314
1163,-2.915,1,197,0.05,0.02496
1164,12.3558,2,365,0.05,0.031711
1165,-7.9225,0,47,0.05,0.027904
1166,-0.235,1,197,0.05,0.028845
1167,-8.2825,0,58,0.05,0.036743
1168,-8.1875,0,47,0.05,0.033288
1169,8.8033,2,348,0.05,0.030233
1170,5.8408,2,219,0.05,0.030726
1171,-7.3183,0,47,0.05,0.035455
1172,27.4508,4,650,0.05,0.030096
1173,3.3025,1,197,0.05,0.031624
1174,-8.1033,0,47,0.05,0.028094
1175,11.04,2,358,0.05,0.029158
1176,0.9775,1,197,0.05,0.036154
1177,-7.91,0,61,0.05,0.017835
1178,-8.5133,0,47,0.05,0.019751
1179,-6.6833,1,69,0.05,0.026697
1180,-7.2817,0,47,0.05,0.036842
1181,1.7333,1,209,0.05,0.030018
1182,10.0042,2,348,0.05,0.030748
1183,-3.7833,1,197,0.05,0.02899
1184,9.06,2,368,0.05,0.028563
1185,-6.7733,0,62,0.05,0.020745
1186,-7.935,0,56,0.05,0.032429
1187,3.8925,2,343,0.05,0.032528
1188,-4.7683,1,89,0.05,0.034259
1189,-3.3392,1,197,0.05,0.032131
1190,-8.7517,0,47,0.05,0.022273
1191,-6.9075,0,47,0.05,0.022208
1192,3.6183,2,218,0.05,0.029298
1193,-6.3308,0,54,0.05,0.044726
1194,7.0608,2,342,0.05,0.031305
1195,12.2742,3,499,0.05,0.029295
1196,2.8025,2,218,0.05,0.035519
1197,8.7008,2,348,0.05,0.026691
1198,-7.0958,0,47,0.05,0.032848
1199,-9.67,0,47,0.05,0.034603
1200,12.1075,2,348,0.05,0.030621
1201,9.5717,2,360,0.05,0.031451
1202,5.9367,2,348,0.05,0.03179
1203,23.4825,4,650,0.05,0.032026
1204,10.2042,2,317,0.05,0.02887
1205,-2.1142,1,197,0.05,0.034138
1206,2.5517,1,201,0.05,0.03034
1207,-0.1175,1,156,0.05,0.030567
1208,13.6325,3,499,0.05,0.026774
1209,-2.1258,1,197,0.05,0.028589
1210,-3.41,1,142,0.05,0.024889
1211,-6.2825,0,62,0.05,0.02922
1212,-3.7858,1,69,0.05,0.029804
1213,-6.285,1,67,0.05,0.028806
1214,23.9725,3,504,0.05,0.025832
1215,-6.1417,0,57,0.05,0.033637
1216,-9.0758,0,47,0.05,0.023945
1217,0.2233,2,218,0.05,0.028645
1218,2.9917,1,217,0.05,0.024668
1219,3.4442,1,216,0.05,0.028607
1220,8.895,2,348,0.05,0.031933
1221,-3.5475,1,202,0.05,0.026692
1222,7.8575,2,357,0.05,0.029265
1223,-1.1283,1,200,0.05,0.029477
1224,-2.2908,1,137,0.05,0.036959
1225,-8.1133,0,61,0.05,0.029195
1226,2.6092,2,234,0.05,0.033211
1227,33.4467,5,801,0.05,0.027602
1228,-8.2108,0,60,0.05,0.021161
1229,-9.56,0,47,0.05,0.036093
1230,-5.4267,0,57,0.05,0.032514
1231,59.1333,9,1278,0.05,0.030853
1232,-1.3017,1,203,0.05,0.024502
1233,-8.7642,0,40,0.05,0.023972
1234,6.2125,2,348,0.05,0.027495
1235,-2.0958,1,197,0.05,0.027336
1236,-5.25,1,90,0.05,0.019967
1237,3.5417,2,221,0.05,0.027939
1238,-4.0792,1,69,0.05,0.029126
1239,-9.5117,0,47,0.05,0.026649
1240,-0.03,1,197,0.05,0.025028
1241,-7.9717,0,47,0.05,0.029825
1242,-9.83,0,44,0.05,0.045733
1243,-1.8208,1,197,0.05,0.030193
1244,-1.4483,1,197,0.05,0.028392
1245,-0.0267,1,178,0.05,0.030174
1246,-0.9717,1,197,0.05,0.030906
1247,-9.1683,0,49,0.05,0.038561
1248,-6.6875,0,50,0.05,0.032403
1249,-7.2367,0,50,0.05,0.031403
1250,-1.1425,1,154,0.05,0.036043
1251,-7.7558,0,47,0.05,0.027418
1252,-9.55,0,47,0.05,0.026244
1253,-6.1525,1,86,0.05,0.027171
1254,-2.6625,1,197,0.05,0.029619
1255,6.4608,2,322,0.05,0.029486
1256,-0.7417,1,197,0.05,0.02829
1257,30.9667,5,801,0.05,0.035563
1258,-3.7258,1,174,0.05,0.034491
1259,1.9558,1,215,0.05,0.033168
1260,-6.4767,0,62,0.05,0.020953
1261,-8.52,0,47,0.05,0.035062
1262,13.4317,3,503,0.05,0.030332
1263,-3.3983,1,197,0.05,0.024186
1264,36.0375,6,934,0.05,0.030515
1265,-9.61,0,47,0.05,0.02343
1266,-6.5467,0,66,0.05,0.028481
1267,11.0958,2,366,0.05,0.035801
1268,-8.1067,0,49,0.05,0.021498
1269,-8.9767,0,47,0.05,0.028954
1270,9.23,2,339,0.05,0.031057
1271,5.0175,2,348,0.05,0.032291
1272,-4.38,1,104,0.05,0.033562
1273,-9.63,0,47,0.05,0.03296
1274,-7.6367,0,64,0.05,0.027803
1275,22.515,4,577,0.05,0.031485
1276,34.5983,5,757,0.05,0.032729
1277,-1.8442,1,159,0.05,0.030835
1278,-7.2117,0,47,0.05,0.041861
1279,-1.185,1,204,0.05,0.0308
1280,9.7342,3,371,0.05,0.032396
1281,-9.5025,0,47,0.05,0.032358
1282,0.3858,1,209,0.05,0.024624
1283,-4.4842,1,67,0.05,0.031286
1284,-9.55,0,47,0.05,0.029896
1285,17.7367,3,499,0.05,0.030486
1286,30.9225,4,650,0.05,0.035522
1287,39.0233,6,960,0.05,0.032365
1288,-7.4225,0,62,0.05,0.037941
1289,-4.1125,1,140,0.05,0.026406
1290,-4.165,1,68,0.05,0.033297
1291,12.335,3,519,0.05,0.0314
1292,0.9583,1,197,0.05,0.033587
1293,3.6333,2,348,0.05,0.034405
1294,-7.89,0,47,0.05,0.030259
1295,9.5142,2,367,0.05,0.030688
1296,-4.0392,1,197,0.05,0.032445
1297,-8.0167,0,47,0.05,0.024516
1298,7.5258,2,348,0.05,0.034978
1299,-3.61,1,161,0.05,0.029195
1300,36.2158,5,807,0.05,0.02905
1301,8.7317,2,329,0.05,0.031729
1302,-2.8575,1,107,0.05,0.02523
1303,-8.0608,0,51,0.05,0.041087
1304,-1.0325,1,197,0.05,0.032366
1305,3.1642,1,197,0.05,0.028203
1306,-8.7483,0,64,0.05,0.023552
1307,2.2633,1,199,0.05,0.034979
1308,-9.65,0,47,0.05,0.022252
1309,-3.5325,1,179,0.05,0.036038
1310,21.7592,3,516,0.05,0.030748
1311,-8.0183,0,47,0.05,0.022996
1312,6.0967,2,348,0.05,0.035653
1313,-9.12,0,47,0.05,0.034066
1314,0.3108,1,197,0.05,0.038527
1315,15.0917,3,500,0.05,0.030425
1316,-2.5442,1,197,0.05,0.03516
1317,13.585,3,499,0.05,0.03432
1318,2.5075,1,197,0.05,0.038447
1319,-9.72,0,47,0.05,0.033878
1320,-1.9483,1,205,0.05,0.030949
1321,-7.0667,0,56,0.05,0.047216
1322,5.6917,2,306,0.05,0.028939
1323,20.4233,3,519,0.05,0.03061
1324,-6.62,0,48,0.05,0.025163
1325,-1.6133,1,197,0.05,0.033976
1326,-7.3183,0,47,0.05,0.037919
1327,-0.975,1,217,0.05,0.031727
1328,-8.2067,0,47,0.05,0.032024
1329,-8.4967,0,47,0.05,0.03626
1330,-4.7767,1,107,0.05,0.035743
1331,-1.4667,1,197,0.05,0.028967
1332,4.48,2,273,0.05,0.032602
1333,4.2425,2,348,0.05,0.030371
1334,5.5975,2,348,0.05,0.034023
1335,3.07,2,218,0.05,0.031615
1336,-7.4725,0,47,0.05,0.027378
1337,17.0092,3,499,0.05,0.031664
1338,0.5575,1,203,0.05,0.032971
1339,-9.4833,0,47,0.05,0.030636
1340,8.6433,2,299,0.05,0.034657
1341,5.215,2,264,0.05,0.031283
1342,-5.8583,0,56,0.05,0.027767
1343,6.6858,2,310,0.05,0.029782
1344,11.875,2,367,0.05,0.028126
1345,-7.4742,0,55,0.05,0.025797
1346,1.0375,1,197,0.05,0.032394
1347,-5.4533,1,70,0.05,0.025146
1348,5.5233,2,368,0.05,0.033732
1349,8.3075,2,348,0.05,0.03416
1350,16.3533,3,489,0.05,0.031927
1351,-8.6542,0,47,0.05,0.035682
1352,-9.56,0,47,0.05,0.033292
1353,-9.57,0,47,0.05,0.036579
1354,2.3842,1,214,0.05,0.030649
1355,17.6483,3,487,0.05,0.03316
1356,-0.205,1,197,0.05,0.033786
1357,13.6675,3,499,0.05,0.032209
1358,22.7008,4,644,0.05,0.033303
1359,-2.3625,1,197,0.05,0.034534
1360,14.2383,3,475,0.05,0.029627
1361,2.3817,1,197,0.05,0.03063
1362,-8.1508,0,47,0.05,0.037808
1363,-1.3125,1,197,0.05,0.027264
1364,-8.305,0,47,0.05,0.037351
1365,31.04,5,672,0.05,0.031568
1366,11.7375,3,499,0.05,0.031585
1367,-9.55,0,47,0.05,0.030823
1368,-8.3375,0,47,0.05,0.027141
1369,2.9033,2,270,0.05,0.032177
1370,7.2733,2,348,0.05,0.030445
1371,4.9175,2,320,0.05,0.030476
1372,41.2433,6,952,0.05,0.031851
1373,2.1267,2,348,0.05,0.033647
1374,10.0792,2,348,0.05,0.03429
1375,6.5333,2,348,0.05,0.033167
1376,-7.9342,0,47,0.05,0.029278
1377,11.0333,2,352,0.05,0.029011
1378,-7.8825,0,47,0.05,0.025414
1379,-8.3175,0,49,0.05,0.043724
1380,16.3258,3,499,0.05,0.030363
1381,14.1692,3,499,0.05,0.033801
1382,-7.3192,0,47,0.05,0.035079
1383,-9.73,0,47,0.05,0.034011
1384,-3.7183,1,102,0.05,0.026998
1385,-7.4358,0,47,0.05,0.028847
1386,7.7375,2,309,0.05,0.032077
1387,-7.2583,0,47,0.05,0.02451
1388,-9.55,0,47,0.05,0.034905
1389,-5.7608,0,65,0.05,0.03137
1390,1.9567,1,206,0.05,0.035234
1391,-2.5625,1,186,0.05,0.033137
1392,-8.1367,0,47,0.05,0.029098
1393,0.0575,1,197,0.05,0.028836
1394,15.3425,3,415,0.05,0.030283
1395,-8.1092,0,47,0.05,0.021869
1396,-2.6083,1,197,0.05,0.02942
1397,-9.76,0,47,0.05,0.035021
1398,12.6333,3,405,0.05,0.031583
1399,2.5192,1,197,0.05,0.025467
1400,18.72,3,440,0.05,0.028803
1401,-0.0833,1,214,0.05,0.034768
1402,-4.8558,1,119,0.05,0.03259
1403,33.9983,6,853,0.05,0.032327
1404,20.4942,4,650,0.05,0.030581
1405,-9.5258,0,47,0.05,0.031345
1406,-5.1117,1,69,0.05,0.039753
1407,-7.1125,1,68,0.05,0.0234
1408,7.1617,2,367,0.05,0.027069
1409,5.5875,2,221,0.05,0.030486
1410,-4.5833,1,67,0.05,0.043851
1411,-1.3567,1,197,0.05,0.02854
1412,-8.3067,0,47,0.05,0.026648
1413,-7.8283,0,47,0.05,0.031537
1414,8.48,3,372,0.05,0.029556
1415,19.9892,3,512,0.05,0.032666
1416,-9.55,0,47,0.05,0.0357
1417,-8.4242,0,47,0.05,0.03184
1418,0.7342,1,197,0.05,0.029428
1419,-6.6617,0,65,0.05,0.03867
1420,30.6008,5,801,0.05,0.031645
1421,10.3425,3,369,0.05,0.033427
1422,9.4675,3,471,0.05,0.030442
1423,-1.96,1,205,0.05,0.024938
1424,-8.175,0,48,0.05,0.025198
1425,-3.6758,1,94,0.05,0.033702
1426,8.8167,2,348,0.05,0.03035
1427,-9.5292,0,47,0.05,0.028456
1428,-7.94,0,48,0.05,0.028518
1429,18.5625,4,545,0.05,0.031269
1430,-6.5942,0,66,0.05,0.019762
1431,-9.5417,0,47,0.05,0.03617
1432,-2.9733,1,197,0.05,0.026667
1433,-7.8642,0,64,0.05,0.031144
1434,-6.69,0,56,0.05,0.02558
1435,-2.2292,1,197,0.05,0.03685
1436,3.3283,1,210,0.05,0.032277
1437,0.5192,1,197,0.05,0.031629
1438,-9.73,0,47,0.05,0.026309
1439,33.1833,6,858,0.05,0.029832
1440,-9.56,0,47,0.05,0.039245
1441,-9.5592,0,47,0.05,0.027663
1442,-2.0025,1,197,0.05,0.032346
1443,14.5983,2,348,0.05,0.029508
1444,-6.9542,0,65,0.05,0.029395
1445,-1.5925,1,197,0.05,0.030144
1446,9.5317,2,348,0.05,0.030022
1447,1.6658,1,207,0.05,0.030467
1448,-6.2908,0,61,0.05,0.015459
1449,0.9533,1,207,0.05,0.037397
1450,-7.7542,0,47,0.05,0.033336
1451,15.5133,2,368,0.05,0.029629
1452,-7.9517,0,47,0.05,0.02414
1453,-1.2075,1,197,0.05,0.032916
1454,13.3925,3,399,0.05,0.026729
1455,-0.7708,1,197,0.05,0.027497
1456,-8.0917,0,47,0.05,0.033161
1457,4.0167,1,197,0.05,0.028679
1458,7.7775,2,334,0.05,0.030522
1459,8.2483,2,359,0.05,0.025846
1460,0.8508,1,197,0.05,0.028538
1461,4.1525,2,348,0.05,0.032778
1462,6.345,2,355,0.05,0.027946
1463,-2.875,1,122,0.05,0.028314
1464,26.2808,4,650,0.05,0.031564
1465,2.3792,1,197,0.05,0.027932
1466,-8.9833,0,54,0.05,0.034326
1467,10.04,2,359,0.05,0.03282
1468,17.6,3,491,0.05,0.027713
1469,-7.7758,0,47,0.05,0.039441
1470,-8.3408,0,56,0.05,0.033612
1471,16.0683,3,499,0.05,0.027485
1472,8.37,2,368,0.05,0.026753
1473,3.5092,1,209,0.05,0.032154
1474,-6.3017,0,62,0.05,0.022273
1475,0.5008,1,203,0.05,0.030642
1476,1.32,1,217,0.05,0.028142
1477,1.9725,1,209,0.05,0.028139
1478,-7.7842,0,47,0.05,0.026034
1479,-3.035,1,167,0.05,0.023136
1480,-3.6467,1,95,0.05,0.026026
1481,-2.585,1,141,0.05,0.030814
1482,8.885,2,348,0.05,0.030993
1483,17.0958,4,650,0.05,0.02773
1484,30.9717,4,650,0.05,0.027294
1485,-0.9583,1,118,0.05,0.024718
1486,-3.7725,1,131,0.05,0.024676
1487,-9.4825,0,47,0.05,0.025028
1488,-4.5675,1,70,0.05,0.036163
1489,-1.8933,1,197,0.05,0.026631
1490,0.005,1,197,0.05,0.026162
1491,-9.56,0,47,0.05,0.029611
1492,-7.34,0,57,0.05,0.027157
1493,-2.395,1,112,0.05,0.025812
1494,-7.7425,0,62,0.05,0.028654
1495,-4.2867,1,69,0.05,0.023815
1496,4.5367,3,369,0.05,0.024773
1497,-9.75,0,47,0.05,0.02535
1498,-2.2958,1,124,0.05,0.036231
1499,-9.4133,0,47,0.05,0.028624
1500,-8.0075,0,47,0.05,0.029117
1501,7.0458,2,348,0.05,0.026373
1502,-1.3142,1,181,0.05,0.024765
1503,-3.595,1,202,0.05,0.028561
1504,8.8133,3,419,0.05,0.030165
1505,20.0258,4,650,0.05,0.025715
1506,-9.55,0,47,0.05,0.030622
1507,9.2667,3,499,0.05,0.029386
1508,-5.0583,1,82,0.05,0.024018
1509,-9.71,0,47,0.05,0.036826
1510,21.0883,4,650,0.05,0.02757
1511,-3.155,1,197,0.05,0.027758
1512,-2.9683,1,123,0.05,0.026822
1513,-8.1375,0,65,0.05,0.032861
1514,-8.3742,0,47,0.05,0.02694
1515,-2.1725,1,216,0.05,0.022643
1516,-3.0758,1,197,0.05,0.025747
1517,-0.6617,1,197,0.05,0.029413
1518,2.0175,1,213,0.05,0.029354
1519,6.9933,2,367,0.05,0.02649
1520,18.2292,4,603,0.05,0.02532
1521,-7.9025,0,47,0.05,0.025852
1522,5.1383,1,200,0.05,0.02232
1523,-6.3633,0,60,0.05,0.025426
1524,-8.5158,0,47,0.05,0.027997
1525,-9.69,0,47,0.05,0.027609
1526,5.1133,1,209,0.05,0.031279
1527,9.07,2,368,0.05,0.025856
1528,-1.6375,1,197,0.05,0.027397
1529,10.0025,2,348,0.05,0.023924
1530,-7.8292,0,51,0.05,0.025634
1531,0.4233,1,209,0.05,0.025641
1532,9.6567,2,338,0.05,0.028029
1533,-8.2775,0,47,0.05,0.021686
1534,6.1292,2,297,0.05,0.026812
1535,5.9542,2,221,0.05,0.02945
1536,-2.8608,1,197,0.05,0.02869
1537,35.6408,5,801,0.05,0.027854
1538,9.3408,2,348,0.05,0.026913
1539,-6.2608,1,70,0.05,0.028119
1540,-1.2192,1,154,0.05,0.025481
1541,18.1733,3,499,0.05,0.024797
1542,-7.6133,0,60,0.05,0.020681
1543,7.8908,2,349,0.05,0.029616
1544,6.67,2,348,0.05,0.023615
1545,1.2992,2,219,0.05,0.025976
1546,5.285,2,261,0.05,0.029866
1547,-9.56,0,47,0.05,0.021603
1548,-3.3608,1,140,0.05,0.027883
1549,0.3433,1,197,0.05,0.037363
1550,-8.2492,0,47,0.05,0.026644
1551,-1.93,1,197,0.05,0.031369
1552,15.145,3,499,0.05,0.024276
1553,43.4108,6,921,0.05,0.027348
1554,30.6258,4,650,0.05,0.023887
1555,-3.7408,1,197,0.05,0.021587
1556,15.4158,3,512,0.05,0.026721
1557,-7.3033,0,57,0.05,0.022121
1558,-5.9183,0,58,0.05,0.030995
1559,0.4217,1,211,0.05,0.022971
1560,-8.7792,0,58,0.05,0.031039
1561,-8.5608,0,47,0.05,0.019906
1562,-5.9458,0,64,0.05,0.027689
1563,22.9808,3,499,0.05,0.020504
1564,-9.115,0,47,0.05,0.020198
1565,-9.71,0,47,0.05,0.022124
1566,-9.135,0,56,0.05,0.025926
1567,44.0875,7,1114,0.05,0.025678
1568,-5.1608,0,66,0.05,0.023759
1569,3.2042,1,203,0.05,0.023724
1570,-3.5667,1,197,0.05,0.024653
1571,-1.7342,1,200,0.05,0.023175
1572,-2.75,1,112,0.05,0.023832
1573,-0.4983,1,215,0.05,0.030021
1574,1.8533,1,197,0.05,0.023655
1575,41.0025,6,927,0.05,0.025368
1576,-9.55,0,47,0.05,0.022669
1577,32.785,5,801,0.05,0.023129
1578,6.7492,2,348,0.05,0.022836
1579,48.8733,7,1103,0.05,0.02483
1580,-7.86,0,47,0.05,0.028791
1581,0.3317,1,197,0.05,0.025418
1582,-2.855,1,178,0.05,0.026589
1583,8.795,2,348,0.05,0.025325
1584,7.0658,2,348,0.05,0.021987
1585,-7.9783,0,47,0.05,0.018387
1586,16.5867,3,425,0.05,0.023675
1587,-6.4075,1,86,0.05,0.022362
1588,3.0392,1,197,0.05,0.019927
1589,2.5367,1,197,0.05,0.026322
1590,0.8108,1,197,0.05,0.023679
1591,15.2733,3,507,0.05,0.020426
1592,9.0208,2,291,0.05,0.024685
1593,-8.7292,0,44,0.05,0.030572
1594,-9.56,0,47,0.05,0.020418
1595,0.9058,1,214,0.05,0.026592
1596,-9.3733,0,47,0.05,0.028199
1597,13.1017,2,348,0.05,0.021448
1598,-4.8475,1,67,0.05,0.0271
1599,-7.83,0,47,0.05,0.016075
1600,-7.7308,0,58,0.05,0.026082
1601,-5.6433,0,62,0.05,0.029287
1602,-7.0083,0,59,0.05,0.019002
1603,-7.5217,0,55,0.05,0.02847
1604,-7.0658,0,59,0.05,0.014151
1605,-8.3917,0,47,0.05,0.0197
1606,9.565,2,348,0.05,0.025618
1607,28.8217,5,765,0.05,0.023657
1608,-9.55,0,47,0.05,0.016684
1609,0.9192,1,197,0.05,0.019897
1610,-5.245,1,113,0.05,0.018735
1611,-4.585,1,182,0.05,0.0208
1612,-0.1008,1,202,0.05,0.02368
1613,-9.5808,0,47,0.05,0.019607
1614,-2.0975,1,197,0.05,0.021316
1615,0.3808,1,197,0.05,0.025006
1616,-0.61,1,170,0.05,0.020539
1617,-8.015,0,47,0.05,0.026786
1618,-7.3525,0,47,0.05,0.024395
1619,-0.1017,1,213,0.05,0.023181
1620,-7.7367,0,47,0.05,0.017845
1621,-8.9408,0,57,0.05,0.025125
1622,-6.2842,0,61,0.05,0.017799
1623,-4.955,1,67,0.05,0.030249
1624,-2.4575,1,197,0.05,0.020061
1625,5.3267,2,348,0.05,0.024505
1626,3.0742,1,210,0.05,0.024248
1627,-9.435,0,47,0.05,0.026496
1628,-1.5842,1,197,0.05,0.021353
1629,-7.2792,0,47,0.05,0.022643
1630,38.3225,5,812,0.05,0.021707
1631,-9.5517,0,47,0.05,0.023628
1632,-0.7725,1,140,0.05,0.01872
1633,-7.2483,0,53,0.05,0.031902
1634,-0.2217,1,197,0.05,0.02447
1635,1.3058,1,197,0.05,0.020332
1636,-5.2533,1,69,0.05,0.015648
1637,7.5983,2,348,0.05,0.024246
1638,-5.7783,1,68,0.05,0.027725
1639,-3.7333,1,197,0.05,0.023456
1640,-5.8642,0,60,0.05,0.020324
1641,1.2425,1,197,0.05,0.024079
1642,13.13,3,371,0.05,0.022415
1643,-7.385,0,57,0.05,0.024949
1644,16.1592,3,499,0.05,0.021903
1645,3.9217,2,281,0.05,0.020431
1646,1.8142,1,192,0.05,0.023167
1647,-6.1008,0,56,0.05,0.01698
1648,30.11,5,801,0.05,0.020121
1649,0.8958,2,275,0.05,0.0197
1650,35.8833,6,952,0.05,0.023475
1651,0.8825,1,217,0.05,0.019885
1652,3.4808,1,197,0.05,0.023879
1653,-1.1733,1,192,0.05,0.020073
1654,-5.4308,1,122,0.05,0.017801
1655,18.7767,3,499,0.05,0.022054
1656,-7.445,0,52,0.05,0.023439
1657,22.7633,3,513,0.05,0.01972
1658,-6.0742,0,52,0.05,0.017777
1659,8.1125,2,316,0.05,0.023794
1660,-7.755,0,47,0.05,0.015356
1661,-5.8958,0,62,0.05,0.023163
1662,2.5283,1,197,0.05,0.018593
1663,-4.1158,1,197,0.05,0.021893
1664,30.1283,5,820,0.05,0.021554
1665,-8.06,0,47,0.05,0.023904
1666,-7.2225,0,47,0.05,0.023438
1667,-7.2092,1,76,0.05,0.029378
1668,-4.7758,1,108,0.05,0.019493
1669,-7.8775,0,47,0.05,0.021745
1670,39.1175,6,927,0.05,0.021515
1671,-9.61,0,47,0.05,0.016356
1672,-0.2742,1,204,0.05,0.020547
1673,0.9367,1,197,0.05,0.019803
1674,-8.0458,0,47,0.05,0.019678
1675,-8.3442,0,47,0.05,0.020208
1676,-7.1217,0,52,0.05,0.017201
1677,12.6317,3,485,0.05,0.020125
1678,14.0675,3,417,0.05,0.024294
1679,-1.4683,1,197,0.05,0.018315
1680,-7.6567,0,47,0.05,0.019272
1681,-7.0242,0,57,0.05,0.022948
1682,-9.58,0,47,0.05,0.032212
1683,-6.1292,0,56,0.05,0.018256
1684,-2.7708,1,146,0.05,0.023079
1685,-2.55,1,126,0.05,0.021991
1686,25.2233,4,658,0.05,0.022483
1687,-4.6408,1,68,0.05,0.018559
1688,-1.7092,1,136,0.05,0.021443
1689,8.4033,2,348,0.05,0.023118
1690,2.545,2,220,0.05,0.019953
1691,14.5458,3,496,0.05,0.021476
1692,-6.7267,1,67,0.05,0.014291
1693,10.0725,3,371,0.05,0.018087
1694,15.22,3,499,0.05,0.018924
1695,-6.7467,1,70,0.05,0.018118
1696,-7.5608,0,47,0.05,0.023829
1697,54.9592,8,1219,0.05,0.021065
1698,-7.1383,0,47,0.05,0.018918
1699,4.285,1,217,0.05,0.018218
1700,-5.7642,0,58,0.05,0.019356
1701,28.8392,4,650,0.05,0.018705
1702,8.1367,2,286,0.05,0.02235
1703,-6.1442,0,52,0.05,0.021916
1704,6.87,2,351,0.05,0.018464
1705,-8.2033,0,47,0.05,0.014883
1706,58.2317,7,1103,0.05,0.019565
1707,-1.32,1,197,0.05,0.01722
1708,-8.7242,0,47,0.05,0.016785
1709,-3.5917,1,197,0.05,0.016651
1710,-6.8142,0,47,0.05,0.029105
1711,-4.4233,1,69,0.05,0.017162
1712,57.025,8,1254,0.05,0.019494
1713,11.3658,2,348,0.05,0.021831
1714,-7.12,0,49,0.05,0.02045
1715,-6.3475,0,59,0.05,0.021728
1716,-6.8758,0,60,0.05,0.011674
1717,-3.3275,1,172,0.05,0.017198
1718,5.7392,2,348,0.05,0.019188
1719,-5.475,0,63,0.05,0.01957
1720,-9.55,0,47,0.05,0.020594
1721,9.1758,2,348,0.05,0.021067
1722,3.1675,1,201,0.05,0.017824
1723,21.2625,3,500,0.05,0.018309
1724,28.0208,4,650,0.05,0.018489
1725,-7.7567,0,47,0.05,0.032025
1726,-7.1108,1,68,0.05,0.02443
1727,-4.4217,1,69,0.05,0.01789
1728,-2.29,1,197,0.05,0.01688
1729,-8.7142,0,47,0.05,0.009883
1730,20.88,3,499,0.05,0.021891
1731,2.9817,1,209,0.05,0.014983
1732,-6.185,0,62,0.05,0.016935
1733,-1.74,1,198,0.05,0.021368
1734,20.6183,3,453,0.05,0.019238
1735,-3.0183,1,197,0.05,0.022199
1736,-0.9775,1,197,0.05,0.021003
1737,1.6258,1,216,0.05,0.018809
1738,-1.9042,1,197,0.05,0.02096
1739,5.1558,2,328,0.05,0.020851
1740,23.2875,4,643,0.05,0.019171
1741,-9.6283,0,47,0.05,0.012426
1742,-7.885,0,47,0.05,0.020197
1743,17.3975,3,499,0.05,0.020662
1744,-3.8692,1,123,0.05,0.015971
1745,-7.2783,0,47,0.05,0.022891
1746,1.72,1,210,0.05,0.02227
1747,-6.095,0,64,0.05,0.019101
1748,5.8092,2,266,0.05,0.022645
1749,-7.08,1,69,0.05,0.020887
1750,-7.8875,0,47,0.05,0.02171
1751,-8.205,0,47,0.05,0.021662
1752,8.0658,2,348,0.05,0.018595
1753,-1.8667,1,141,0.05,0.016435
1754,-5.8375,1,93,0.05,0.015803
1755,5.095,2,292,0.05,0.018444
1756,-9.74,0,47,0.05,0.011501
1757,2.9983,1,197,0.05,0.02005
1758,0.3292,1,197,0.05,0.017812
1759,-6.8758,0,60,0.05,0.016084
1760,-7.6092,0,58,0.05,0.01343
1761,-1.9967,1,205,0.05,0.019099
1762,19.5267,3,499,0.05,0.019002
1763,-7.4408,0,47,0.05,0.012197
1764,-6.7167,0,62,0.05,0.020267
1765,-9.61,0,47,0.05,0.02096
1766,-9.71,0,47,0.05,0.019843
1767,9.4425,2,362,0.05,0.020109
1768,-7.9625,0,47,0.05,0.016015
1769,1.1375,2,257,0.05,0.018333
1770,7.4892,3,371,0.05,0.017269
1771,-0.69,1,197,0.05,0.021329
1772,-6.5625,0,63,0.05,0.01874
1773,-2.0883,1,197,0.05,0.016085
1774,-9.73,0,47,0.05,0.01927
1775,0.2117,1,197,0.05,0.016167
1776,12.1092,3,369,0.05,0.020642
1777,0.3383,1,199,0.05,0.018993
1778,8.8308,2,309,0.05,0.021178
1779,-9.68,0,47,0.05,0.014549
1780,12.4025,3,499,0.05,0.022342
1781,-9.5317,0,47,0.05,0.014229
1782,0.195,1,199,0.05,0.019002
1783,28.2292,5,717,0.05,0.018571
1784,5.6692,2,349,0.05,0.019202
1785,16.05,3,499,0.05,0.017704
1786,-8.3242,0,47,0.05,0.018822
1787,-9.66,0,47,0.05,0.014524
1788,-9.55,0,47,0.05,0.013513
1789,-6.9742,0,56,0.05,0.015849
1790,-3.7917,1,93,0.05,0.023125
1791,1.9758,1,203,0.05,0.017855
1792,-4.6608,1,69,0.05,0.027562
1793,21.3717,4,553,0.05,0.017296
1794,-0.1708,1,197,0.05,0.015273
1795,-2.9725,1,108,0.05,0.013739
1796,-3.2992,1,129,0.05,0.019154
1797,-1.095,1,197,0.05,0.019925
1798,-5.7725,1,108,0.05,0.01554
1799,4.0692,2,348,0.05,0.02034
1800,-3.7158,1,197,0.05,0.016356
1801,1.8,1,156,0.05,0.017593
1802,-2.9967,1,198,0.05,0.015956
1803,-3.8742,1,197,0.05,0.022886
1804,7.905,2,346,0.05,0.017077
1805,11.96,2,348,0.05,0.019123
1806,-9.6,0,47,0.05,0.014386
1807,7.13,2,348,0.05,0.01841
1808,-3.1325,1,98,0.05,0.015012
1809,9.81,2,348,0.05,0.018806
1810,-6.4225,0,52,0.05,0.02271
1811,13.2017,3,439,0.05,0.017594
1812,-2.7575,1,108,0.05,0.024134
1813,-8.1433,0,47,0.05,0.018054
1814,-2.3158,1,155,0.05,0.016101
1815,-8.07,0,47,0.05,0.019859
1816,4.3842,2,278,0.05,0.019076
1817,-7.7417,0,47,0.05,0.02177
1818,0.0717,1,197,0.05,0.017903
1819,15.1317,3,499,0.05,0.018702
1820,5.99,2,320,0.05,0.018951
1821,-2.05,1,163,0.05,0.017306
1822,-0.15,1,197,0.05,0.020159
1823,-7.4908,0,50,0.05,0.017799
1824,-7.395,0,47,0.05,0.016553
1825,1.6583,1,197,0.05,0.019731
1826,20.2075,3,518,0.05,0.018994
1827,-5.2442,0,62,0.05,0.017598
1828,-3.19,1,201,0.05,0.018804
1829,11.515,2,362,0.05,0.017732
1830,17.8842,3,431,0.05,0.018277
1831,12.8658,3,372,0.05,0.019844
1832,-6.5783,1,95,0.05,0.018782
1833,33.6083,5,801,0.05,0.018519
1834,-1.5467,1,194,0.05,0.016605
1835,15.9617,3,441,0.05,0.015996
1836,0.4208,1,197,0.05,0.019956
1837,-1.4567,1,197,0.05,0.01486
1838,-9.56,0,47,0.05,0.016057
1839,16.1158,3,499,0.05,0.017048
1840,-8.8808,0,47,0.05,0.015202
1841,2.6142,1,203,0.05,0.013186
1842,-7.52,0,47,0.05,0.011885
1843,8.5808,2,348,0.05,0.015016
1844,-5.6317,0,64,0.05,0.020807
1845,-6.2867,1,87,0.05,0.017251
1846,-4.0475,1,145,0.05,0.018854
1847,-7.2342,0,53,0.05,0.011608
1848,-8.25,0,47,0.05,0.017587
1849,-9.68,0,47,0.05,0.025933
1850,4.2375,1,217,0.05,0.019654
1851,-8.3517,0,47,0.05,0.011706
1852,-6.0233,0,63,0.05,0.020427
1853,-9.69,0,47,0.05,0.019311
1854,-3.6167,1,197,0.05,0.017033
1855,-7.4225,0,52,0.05,0.023974
1856,-5.6442,1,119,0.05,0.018121
1857,-0.5592,2,221,0.05,0.017266
1858,-9.7,0,47,0.05,0.015508
1859,2.1767,1,197,0.05,0.021399
1860,-5.9983,0,59,0.05,0.018582
1861,-7.2642,0,47,0.05,0.015423
1862,-5.0383,1,68,0.05,0.015841
1863,-7.7708,0,52,0.05,0.009577
1864,-6.31,0,66,0.05,0.019908
1865,-9.7,0,47,0.05,0.025568
1866,32.315,4,650,0.05,0.019687
1867,-9.7,0,47,0.05,0.016521
1868,32.1208,5,757,0.05,0.016844
1869,-1.5692,1,197,0.05,0.017156
1870,-4.0,1,100,0.05,0.02031
1871,6.7942,2,221,0.05,0.017227
1872,-1.5408,1,214,0.05,0.018141
1873,-6.325,1,130,0.05,0.017724
1874,-6.2883,1,105,0.05,0.013129
1875,-9.55,0,47,0.05,0.01794
1876,-9.69,0,47,0.05,0.017721
1877,1.0158,1,197,0.05,0.01738
1878,7.0958,2,348,0.05,0.020155
1879,-9.55,0,47,0.05,0.01657
1880,4.7983,2,218,0.05,0.015967
1881,24.5075,4,650,0.05,0.015381
1882,19.6667,4,522,0.05,0.0167
1883,0.9375,1,144,0.05,0.020117
1884,-7.1492,0,47,0.05,0.015552
1885,-9.62,0,47,0.05,0.021088
1886,-5.4733,1,68,0.05,0.014346
1887,-6.0842,0,65,0.05,0.011196
1888,-6.7942,0,47,0.05,0.018792
1889,-9.76,0,47,0.05,0.012364
1890,9.5342,2,286,0.05,0.015892
1891,-2.9367,1,144,0.05,0.015239
1892,14.525,3,410,0.05,0.01552
1893,0.1775,1,183,0.05,0.017674
1894,11.5367,2,353,0.05,0.017462
1895,-3.1733,1,162,0.05,0.017423
1896,-6.97,0,52,0.05,0.012783
1897,-6.825,0,58,0.05,0.017573
1898,1.2625,1,209,0.05,0.014838
1899,14.7725,3,499,0.05,0.015843
1900,-7.555,0,57,0.05,0.012631
1901,-9.56,0,47,0.05,0.017866
1902,-0.4992,1,130,0.05,0.013973
1903,3.9558,2,303,0.05,0.017998
1904,-9.57,0,47,0.05,0.012258
1905,-2.195,1,154,0.05,0.016987
1906,-9.4983,0,47,0.05,0.013541
1907,-9.39,0,47,0.05,0.017949
1908,11.12,2,349,0.05,0.016483
1909,3.135,1,215,0.05,0.017491
1910,6.735,2,348,0.05,0.017451
1911,9.395,2,285,0.05,0.015843
1912,-8.2825,0,48,0.05,0.014275
1913,-9.68,0,47,0.05,0.013672
1914,3.4117,2,305,0.05,0.019248
1915,-0.1175,1,199,0.05,0.014974
1916,25.82,5,737,0.05,0.014387
1917,26.0483,4,595,0.05,0.015175
1918,16.5225,3,499,0.05,0.015982
1919,-8.0492,0,47,0.05,0.008511
1920,2.4983,2,348,0.05,0.015812
1921,-7.8933,0,47,0.05,0.017437
1922,-2.7617,1,153,0.05,0.013496
1923,-9.27,0,47,0.05,0.009057
1924,5.38,2,348,0.05,0.014145
1925,23.9158,4,650,0.05,0.016007
1926,-9.67,0,47,0.05,0.015755
1927,0.1667,1,217,0.05,0.016311
1928,-7.33,0,53,0.05,0.013403
1929,-9.64,0,47,0.05,0.015561
1930,48.6783,7,1068,0.05,0.015126
1931,-4.0967,1,69,0.05,0.011981
1932,2.51,1,205,0.05,0.014181
1933,4.7892,2,314,0.05,0.017147
1934,7.9642,2,316,0.05,0.014959
1935,13.3283,3,416,0.05,0.01723
1936,-6.7292,1,70,0.05,0.0151
1937,-1.4625,1,146,0.05,0.012382
1938,19.3508,3,516,0.05,0.013784
1939,7.7433,2,283,0.05,0.015999
1940,32.44,5,801,0.05,0.014773
1941,-8.0658,0,47,0.05,0.010152
1942,-5.5842,1,197,0.05,0.015351
1943,-8.2642,0,46,0.05,0.014294
1944,-9.64,0,47,0.05,0.010351
1945,-9.2467,0,47,0.05,0.017739
1946,-9.4783,0,47,0.05,0.012164
1947,-6.4067,0,59,0.05,0.016898
1948,8.9408,2,355,0.05,0.015518
1949,-2.0767,1,161,0.05,0.011735
1950,1.4692,1,197,0.05,0.015027
1951,-6.93,0,59,0.05,0.01133
1952,-0.4308,1,197,0.05,0.014561
1953,-5.4892,0,60,0.05,0.012223
1954,-3.9925,1,70,0.05,0.016716
1955,-9.72,0,47,0.05,0.017823
1956,4.6442,2,294,0.05,0.012749
1957,-2.3667,1,204,0.05,0.017481
1958,-6.87,1,67,0.05,0.011164
1959,-7.6858,0,50,0.05,0.011333
1960,-7.1,0,58,0.05,0.016573
1961,14.6742,3,499,0.05,0.014872
1962,-9.3133,0,47,0.05,0.015921
1963,-1.9708,1,197,0.05,0.015258
1964,9.81,2,291,0.05,0.013585
1965,-7.9625,0,47,0.05,0.016309
1966,-5.4083,1,69,0.05,0.021972
1967,2.5192,1,197,0.05,0.012584
1968,-2.225,1,181,0.05,0.015262
1969,-3.9117,1,124,0.05,0.013599
1970,15.4133,3,499,0.05,0.014862
1971,0.7825,1,197,0.05,0.015817
1972,-0.0842,1,197,0.05,0.014288
1973,-2.9242,1,182,0.05,0.015683
1974,-5.7608,0,65,0.05,0.013719
1975,-8.1108,0,47,0.05,0.017235
1976,-9.56,0,47,0.05,0.019399
1977,9.26,2,311,0.05,0.011386
1978,0.825,1,197,0.05,0.012862
1979,5.9258,2,269,0.05,0.015807
1980,19.3558,3,506,0.05,0.012675
1981,13.85,3,384,0.05,0.01239
1982,-0.5842,1,197,0.05,0.012268
1983,3.4258,1,210,0.05,0.013675
1984,8.5475,2,348,0.05,0.01504
1985,-8.1383,0,51,0.05,0.014036
1986,-8.0917,0,47,0.05,0.014122
1987,-9.56,0,47,0.05,0.009747
1988,-9.5608,0,47,0.05,0.010876
1989,-7.5058,0,47,0.05,0.01951
1990,-6.6608,1,70,0.05,0.017892
1991,-6.63,0,47,0.05,0.012638
1992,66.1742,8,1254,0.05,0.012571
1993,0.3558,1,197,0.05,0.010932
1994,-4.9692,1,70,0.05,0.011018
1995,-5.2817,0,66,0.05,0.011461
1996,11.1867,3,369,0.05,0.011202
1997,-7.2625,0,47,0.05,0.01016
1998,4.7075,2,263,0.05,0.011948
1999,-4.965,1,141,0.05,0.014427
2000,-4.0942,1,69,0.05,0.017972
